n,Dynamic Programming Memoization,,,,,,,,Dynamic Programming Tabulation,,,,,,,
,Computation 1,Retrieval 1,Computation 2,Retrieval 2,Computation 3,Retrieval 3,Average Computation,Average Retrieval,Computation 1,Retrieval 1,Computation 2,Retrieval 2,Computation 3,Retrieval 3,Average Computation,Average Retrieval
100,38445,5764,34355,5493,35479,4037,36093,5098,31572,131572,33887,133887,29260,129260,31573,131573
200,116632,21166,112361,22887,98206,15475,109066,19842,60961,260961,63911,263911,54775,254775,59882,259882
300,177005,36319,168871,33910,178448,30247,174774,33492,89011,389011,89535,389535,79438,379438,85994,385994
400,240586,48127,263440,54964,275061,51862,259695,51651,112168,512168,121983,521983,112693,512693,115614,515614
500,317613,60786,343438,73107,345957,67845,335669,67246,137739,637739,150306,650306,140761,640761,142935,642935
600,407311,78663,409748,87724,419732,80904,412263,82430,165804,765804,175468,775468,165948,765948,169073,769073
700,507621,101733,503364,109664,502614,101504,504533,104300,195937,895937,199871,899871,195680,895680,197162,897162
800,593256,123789,594787,128083,611755,131964,599932,127945,225541,1025541,226658,1026658,228570,1028570,226923,1026923
900,651995,136350,683854,150446,678871,146554,671573,144450,253860,1153860,260811,1160811,255195,1155195,256622,1156622
1000,748796,155635,767730,172983,746882,159472,754469,162696,282669,1282669,290861,1290861,281120,1281120,284883,1284883
1100,851478,183890,832359,185882,849688,181626,844508,183799,310686,1410686,317755,1417755,313437,1413437,313959,1413959
1200,931135,199675,925336,209126,926567,203141,927679,203980,338862,1538862,343889,1543889,342664,1542664,341805,1541805
1300,1028864,225241,1013959,228739,988396,212855,1010406,222278,367662,1667662,375673,1675673,367298,1667298,370211,1670211
1400,1095964,243208,1088922,244713,1066160,228072,1083682,238664,395525,1795525,397886,1797886,396848,1796848,396753,1796753
1500,1171364,256067,1191020,268167,1168949,254023,1177111,259419,422016,1922016,428866,1928866,421559,1921559,424147,1924147
1600,1244905,270874,1272092,285909,1260145,274898,1259047,277227,444216,2044216,460653,2060653,445079,2045079,449982,2049982
1700,1331338,286793,1334260,300417,1328460,286101,1331352,291103,473409,2173409,484465,2184465,468839,2168839,475571,2175571
1800,1428836,311614,1435232,322773,1441305,312534,1435124,315640,503385,2303385,513948,2313948,500729,2300729,506020,2306020
1900,1518710,333592,1524222,343979,1513555,328998,1518829,335523,531734,2431734,540894,2440894,528068,2428068,533565,2433565
2000,1628540,364384,1604184,364342,1598766,345342,1610496,358022,562068,2562068,566793,2566793,555950,2555950,561603,2561603
2100,1698257,379310,1732615,402171,1679287,365645,1703386,382375,590590,2690590,602072,2702072,584744,2684744,592468,2692468
2200,1792500,400716,1833815,432636,1768395,384608,1798236,405986,618747,2818747,636384,2836384,611780,2811780,622303,2822303
2300,1864807,419994,1906716,455065,1837258,398567,1869593,424542,643360,2943360,663742,2963742,640449,2940449,649183,2949183
2400,1988667,453031,2003616,476565,1967473,433102,1986585,454232,677865,3077865,695801,3095801,670862,3070862,681509,3081509
2500,2083873,479044,2075869,494792,2039657,453763,2066466,475866,706954,3206954,725653,3225653,699655,3199655,710754,3210754
2600,2172753,501665,2191081,528554,2134284,476707,2166039,502308,735081,3335081,755515,3355515,730515,3330515,740370,3340370
2700,2249466,520803,2260849,548856,2247187,512648,2252500,527435,767017,3467017,788133,3488133,766462,3466462,773870,3473870
2800,2313695,532719,2355272,570568,2311801,528389,2326922,543892,789879,3589879,819944,3619944,793415,3593415,801079,3601079
2900,2428402,559373,2448469,595616,2438755,562384,2438542,572457,818544,3718544,847394,3747394,822889,3722889,829609,3729609
3000,2504812,580590,2531362,618360,2521657,586435,2519277,595128,847704,3847704,877122,3877122,850553,3850553,858459,3858459
3100,2584002,597554,2636366,646218,2588833,601765,2603067,615179,874010,3974010,907492,4007492,879495,3979495,886999,3986999
3200,2650896,613514,2704876,664447,2683760,623642,2679844,633867,897028,4097028,936315,4136315,909710,4109710,914351,4114351
3300,2741706,628948,2767936,674699,2748937,639600,2752859,647749,926473,4226473,958543,4258543,933072,4233072,939362,4239362
3400,2851140,658250,2853202,691136,2824423,652666,2842921,667350,963083,4363083,990590,4390590,961222,4361222,971631,4371631
3500,2952393,691052,2937675,710527,2928570,677621,2939546,693066,994545,4494545,1018533,4518533,991488,4491488,1001522,4501522
3600,3014990,704088,3018256,725802,3003749,696216,3012331,708702,1023495,4623495,1046730,4646730,1018240,4618240,1029488,4629488
3700,3121994,734827,3103341,744916,3117166,725873,3114167,735205,1053681,4753681,1071385,4771385,1045803,4745803,1056956,4756956
3800,3220473,761467,3228086,775821,3183115,739994,3210558,759094,1087399,4887399,1104418,4904418,1070822,4870822,1087546,4887546
3900,3299439,781187,3310455,799389,3272414,758524,3294102,779700,1113344,5013344,1132044,5032044,1100657,5000657,1115348,5015348
4000,3369841,796066,3411466,829829,3381913,785249,3387740,803714,1138466,5138466,1159330,5159330,1133623,5133623,1143806,5143806
4100,3477511,821184,3485397,844581,3463940,807635,3475616,824466,1168131,5268131,1187929,5287929,1160635,5260635,1172231,5272231
4200,3555221,841229,3575056,868702,3571330,837050,3567202,848993,1195077,5395077,1215891,5415891,1195457,5395457,1202141,5402141
4300,3682269,877797,3643022,882851,3640697,854279,3655329,871642,1225681,5525681,1238914,5538914,1228080,5528080,1230891,5530891
4400,3760631,894812,3767312,911271,3725884,880540,3751275,895541,1252361,5652361,1270490,5670490,1257242,5657242,1260031,5660031
4500,3884380,934536,3831959,926462,3810645,900341,3842328,920446,1289204,5789204,1302001,5802001,1282545,5782545,1291250,5791250
4600,3952345,954119,3925755,948823,3887383,915863,3921827,939601,1320600,5920600,1327436,5927436,1304212,5904212,1317416,5917416
4700,4054855,981847,4027146,975951,3968684,930602,4016895,962800,1352894,6052894,1353489,6053489,1334536,6034536,1346973,6046973
4800,4110353,995419,4135532,1003811,4046348,944567,4097411,981265,1379733,6179733,1386700,6186700,1360737,6160737,1375723,6175723
4900,4198314,1010411,4217757,1025852,4136236,965590,4184102,1000617,1407538,6307538,1414073,6314073,1389278,6289278,1403629,6303629
5000,4245631,1019675,4281717,1038604,4243846,992622,4257064,1016967,1428255,6428255,1441977,6441977,1418630,6418630,1429620,6429620
5100,4348112,1036302,4371733,1058454,4327849,1014727,4349231,1036494,1454534,6554534,1471690,6571690,1446915,6546915,1457713,6557713
5200,4423958,1055157,4492251,1090808,4440664,1044313,4452291,1063426,1479570,6679570,1500316,6700316,1474336,6674336,1484740,6684740
5300,4524340,1077340,4564601,1106459,4533276,1069025,4540739,1084274,1511174,6811174,1530305,6830305,1501480,6801480,1514319,6814319
5400,4627773,1106444,4691847,1142054,4621010,1090365,4646876,1112954,1543422,6943422,1558992,6958992,1529539,6929539,1543984,6943984
5500,4755074,1142321,4765208,1162796,4722348,1119756,4747543,1141624,1575586,7075586,1587334,7087334,1563959,7063959,1575626,7075626
5600,4841009,1168890,4834261,1177856,4805702,1140466,4826990,1162404,1603851,7203851,1611352,7211352,1591351,7191351,1602184,7202184
5700,4905887,1182719,4921456,1196830,4892339,1162994,4906560,1180847,1631439,7331439,1638331,7338331,1620497,7320497,1630089,7330089
5800,5018474,1211158,5003118,1214665,4966870,1178134,4996154,1201319,1660730,7460730,1664153,7464153,1643392,7443392,1656091,7456091
5900,5086676,1227793,5096070,1233480,5077529,1203957,5086758,1221743,1688729,7588729,1689204,7589204,1672309,7572309,1683414,7583414
6000,5176320,1252571,5195873,1258461,5166934,1225510,5179709,1245514,1713924,7713924,1720555,7720555,1702955,7702955,1712478,7712478
6100,5260269,1269302,5252913,1271348,5234770,1240252,5249317,1260300,1742132,7842132,1745259,7845259,1730234,7830234,1739208,7839208
6200,5327090,1284269,5357215,1294594,5325892,1261966,5336732,1280276,1767753,7967753,1775279,7975279,1762324,7962324,1768452,7968452
6300,5428097,1307949,5444596,1314826,5419063,1287143,5430585,1303306,1795259,8095259,1803998,8103998,1792052,8092052,1797103,8097103
6400,5537201,1334398,5529304,1334793,5510482,1308948,5525662,1326046,1825003,8225003,1830104,8230104,1821083,8221083,1825396,8225396
6500,5658479,1371128,5652701,1372682,5569122,1321757,5626767,1355189,1856474,8356474,1859012,8359012,1841905,8341905,1852463,8352463
6600,5724069,1386190,5751217,1398183,5689933,1352123,5721739,1378832,1883475,8483475,1892327,8492327,1876430,8476430,1884077,8484077
6700,5806377,1405560,5855694,1431867,5800564,1388095,5820878,1408507,1909089,8609089,1923953,8623953,1910279,8610279,1914440,8614440
6800,5904450,1430488,5932525,1449425,5879616,1409109,5905530,1429674,1935439,8735439,1953848,8753848,1941910,8741910,1943732,8743732
6900,6001300,1451390,6012862,1469325,5988258,1440998,6000806,1453904,1963021,8863021,1983324,8883324,1972512,8872512,1972952,8872952
7000,6102798,1479565,6089899,1489221,6081053,1464189,6091250,1477658,1989213,8989213,2010312,9010312,2002206,9002206,2000577,9000577
7100,6208594,1503671,6171089,1507104,6153904,1484483,6177862,1498419,2019938,9119938,2037910,9137910,2034443,9134443,2030763,9130763
7200,6284182,1524761,6296303,1543855,6251875,1511616,6277453,1526744,2051630,9251630,2066822,9266822,2062067,9262067,2060173,9260173
7300,6344427,1537643,6372296,1559741,6369097,1544176,6361940,1547186,2077647,9377647,2093404,9393404,2093298,9393298,2088116,9388116
7400,6434110,1555527,6456369,1579594,6460703,1569497,6450394,1568206,2105162,9505162,2119533,9519533,2122846,9522846,2115847,9515847
7500,6523991,1576082,6545538,1602707,6559121,1601435,6542883,1593408,2130649,9630649,2149440,9649440,2158348,9658348,2146145,9646145
7600,6630022,1604763,6636545,1624476,6641134,1625195,6635900,1618144,2160282,9760282,2181430,9781430,2190674,9790674,2177462,9777462
7700,6708910,1625152,6760304,1661734,6687071,1634119,6718761,1640335,2188517,9888517,2213414,9913414,2218301,9918301,2206744,9906744
7800,6804574,1648584,6804987,1672108,6774266,1650901,6794609,1657197,2217112,10017112,2236792,10036792,2244169,10044169,2232691,10032691
7900,6898345,1670871,6900620,1692725,6875407,1680547,6891457,1681381,2247883,10147883,2265602,10165602,2273317,10173317,2262267,10162267
8000,6961148,1683199,6974804,1709249,6968317,1704691,6968089,1699046,2274111,10274111,2289534,10289534,2301012,10301012,2288219,10288219
8100,7073302,1710826,7076156,1731436,7097018,1739813,7082158,1727358,2305585,10405585,2313863,10413863,2332083,10432083,2317177,10417177
8200,7169788,1737935,7171376,1749947,7195985,1768159,7179049,1752013,2336380,10536380,2341674,10541674,2363692,10563692,2347248,10547248
8300,7231836,1751795,7250939,1770910,7268802,1789042,7250525,1770582,2360706,10660706,2367358,10667358,2394068,10694068,2374044,10674044
8400,7386905,1801547,7339311,1792880,7357307,1812845,7361174,1802424,2400365,10800365,2395955,10795955,2419663,10819663,2405327,10805327
8500,7463000,1824216,7465378,1826833,7441955,1827813,7456777,1826287,2432366,10932366,2427113,10927113,2445710,10945710,2435063,10935063
8600,7543207,1844755,7523376,1839314,7506235,1841577,7524272,1841882,2460985,11060985,2455611,11055611,2467379,11067379,2461325,11061325
8700,7633965,1867424,7601737,1855846,7603966,1861000,7613222,1861423,2489438,11189438,2484812,11184812,2496508,11196508,2490252,11190252
8800,7732581,1894624,7717640,1887658,7711250,1889096,7720490,1890459,2524444,11324444,2515337,11315337,2524825,11324825,2521535,11321535
8900,7818862,1920564,7821852,1917841,7804586,1912763,7815100,1917056,2555880,11455880,2546685,11446685,2556029,11456029,2552864,11452864
9000,7907020,1944526,7878970,1931065,7918091,1949820,7901360,1941803,2582830,11582830,2572320,11572320,2585156,11585156,2580102,11580102
9100,7979800,1962309,8006791,1964640,7997124,1969228,7994571,1965392,2607704,11707704,2607978,11707978,2610540,11710540,2608740,11708740
9200,8077508,1982851,8061588,1978638,8079676,1987831,8072924,1983106,2636157,11836157,2635615,11835615,2638079,11838079,2636617,11836617
9300,8165465,2005563,8156477,2000867,8153791,2003340,8158577,2003256,2668129,11968129,2664535,11964535,2661593,11961593,2664752,11964752
9400,8260341,2030481,8236539,2020938,8250248,2025952,8249042,2025790,2699668,12099668,2695199,12095199,2689742,12089742,2694869,12094869
9500,8334082,2049388,8340245,2049185,8381370,2059294,8351899,2052622,2724619,12224619,2725336,12225336,2724579,12224579,2724844,12224844
9600,8428010,2068772,8441938,2079965,8452184,2079786,8440710,2076174,2751298,12351298,2756131,12356131,2752270,12352270,2753233,12353233
9700,8519566,2092964,8517306,2097478,8541876,2100384,8526249,2096942,2782354,12482354,2783783,12483783,2780983,12480983,2782373,12482373
9800,8640908,2130508,8626037,2130548,8635120,2125744,8634021,2128933,2816593,12616593,2820367,12620367,2810722,12610722,2815894,12615894
9900,8717331,2154016,8700520,2148683,8743794,2159276,8720548,2153991,2842614,12742614,2848822,12748822,2846308,12746308,2845914,12745914
10000,8785545,2168044,8786669,2170550,8798127,2171507,8790113,2170033,2866624,12866624,2878457,12878457,2872554,12872554,2872545,12872545
10100,8870998,2183098,8900892,2203716,8917771,2203923,8896553,2196912,2894289,12994289,2910100,13010100,2906485,13006485,2903624,13003624
10200,8972288,2208504,8980301,2223747,9005928,2227237,8986172,2219829,2924855,13124855,2938903,13138903,2935034,13135034,2932930,13132930
10300,9054192,2226887,9049950,2236926,9110677,2257239,9071606,2240350,2952579,13252579,2964701,13264701,2967817,13267817,2961699,13261699
10400,9133076,2246978,9141665,2258307,9191540,2282002,9155427,2262429,2977304,13377304,2994587,13394587,2998434,13398434,2990108,13390108
10500,9219070,2264588,9204103,2271510,9300060,2315223,9241077,2283773,3007752,13507752,3015546,13515546,3032535,13532535,3018611,13518611
10600,9326165,2291744,9322039,2301390,9391453,2340943,9346552,2311359,3037452,13637452,3046514,13646514,3067271,13667271,3050412,13650412
10700,9410989,2315597,9412156,2322248,9460883,2360874,9428009,2332906,3067309,13767309,3076782,13776782,3097926,13797926,3080672,13780672
10800,9501045,2340504,9501283,2345701,9544549,2380114,9515625,2355439,3093706,13893706,3107793,13907793,3125880,13925880,3109126,13909126
10900,9600269,2364165,9588642,2366219,9626441,2400431,9605117,2376938,3121475,14021475,3134797,14034797,3155610,14055610,3137294,14037294
11000,9702205,2390115,9698213,2399108,9697321,2416651,9699246,2401958,3151947,14151947,3162781,14162781,3181190,14181190,3165306,14165306
11100,9813845,2421690,9762083,2410875,9785325,2435525,9787084,2422696,3185626,14285626,3188238,14288238,3209064,14309064,3194309,14294309
11200,9890803,2443796,9858035,2432449,9860019,2449792,9869619,2442012,3214924,14414924,3216629,14416629,3234376,14434376,3221976,14421976
11300,9954119,2459739,9982836,2467849,9957885,2470928,9964946,2466172,3244268,14544268,3248677,14548677,3262145,14562145,3251696,14551696
11400,10033465,2476185,10053882,2488234,10045111,2492442,10044152,2485620,3272999,14672999,3278073,14678073,3293081,14693081,3281384,14681384
11500,10107213,2489557,10148937,2511960,10157433,2525809,10137861,2509108,3298615,14798615,3306966,14806966,3322579,14822579,3309386,14809386
11600,10200074,2510814,10218862,2528206,10216709,2539123,10211881,2526047,3327317,14927317,3331642,14931642,3349231,14949231,3336063,14936063
11700,10326060,2545424,10326269,2556382,10343092,2573538,10331807,2558448,3356764,15056764,3363721,15063721,3380330,15080330,3366938,15066938
11800,10422826,2578630,10419743,2579480,10426080,2595633,10422883,2584581,3389037,15189037,3395119,15195119,3411029,15211029,3398395,15198395
11900,10507497,2602464,10475467,2591919,10515639,2619988,10499534,2604790,3419058,15319058,3419218,15319218,3440093,15340093,3426123,15326123
12000,10605138,2628204,10573746,2614376,10621158,2650853,10600014,2631144,3444613,15444613,3448998,15448998,3472104,15472104,3455238,15455238
12100,10691851,2649699,10693185,2649021,10695518,2671587,10693518,2656769,3471759,15571759,3483074,15583074,3495431,15595431,3483421,15583421
12200,10818480,2685942,10792320,2677613,10779907,2686418,10796902,2683324,3500638,15700638,3516974,15716974,3522829,15722829,3513480,15713480
12300,10907270,2710439,10877384,2702818,10870155,2706227,10884936,2706494,3529376,15829376,3544293,15844293,3550006,15850006,3541225,15841225
12400,10969843,2724641,10956746,2719379,10954909,2729488,10960499,2724502,3552048,15952048,3571479,15971479,3580028,15980028,3567851,15967851
12500,11081056,2748194,11046358,2740909,11035528,2746944,11054314,2745349,3584598,16084598,3600889,16100889,3604873,16104873,3596786,16096786
12600,11156565,2768840,11121479,2757720,11131621,2766121,11136555,2764227,3615324,16215324,3632032,16232032,3633598,16233598,3626984,16226984
12700,11247661,2789294,11224646,2788405,11221071,2788492,11231126,2788730,3644311,16344311,3664572,16364572,3664742,16364742,3657875,16357875
12800,11338997,2813078,11313609,2813540,11328661,2820906,11327089,2815841,3676825,16476825,3694008,16494008,3695095,16495095,3688642,16488642
12900,11418097,2834104,11425401,2849807,11400433,2837481,11414643,2840464,3701382,16601382,3725144,16625144,3722016,16622016,3716180,16616180
13000,11511058,2852378,11518676,2872065,11491287,2860067,11507007,2861503,3731587,16731587,3756331,16756331,3750723,16750723,3746213,16746213
13100,11609435,2880297,11615733,2904279,11576378,2879129,11600515,2887901,3759663,16859663,3793670,16893670,3775509,16875509,3776280,16876280
13200,11667723,2894516,11659741,2913354,11672894,2899507,11666786,2902459,3782947,16982947,3819005,17019005,3804073,17004073,3802008,17002008
13300,11781854,2919473,11781882,2947050,11770804,2929383,11778180,2931968,3810699,17110699,3852472,17152472,3833218,17133218,3832129,17132129
13400,11872068,2941304,11866828,2970501,11868480,2954646,11869125,2955483,3842439,17242439,3882625,17282625,3864499,17264499,3863187,17263187
13500,11936711,2958574,11956014,2991152,11948777,2972368,11947167,2974031,3864348,17364348,3914043,17414043,3900046,17400046,3892812,17392812
13600,12025909,2976036,12046990,3016528,12058729,3007132,12043876,2999898,3892792,17492792,3941935,17541935,3929741,17529741,3921489,17521489
13700,12108538,2993182,12128106,3034889,12150780,3032449,12129141,3020173,3918785,17618785,3968202,17668202,3960788,17660788,3949258,17649258
13800,12211792,3017732,12235139,3066493,12239257,3055501,12228729,3046575,3949820,17749820,3995557,17795557,3988479,17788479,3977952,17777952
13900,12294220,3036638,12311800,3082734,12314878,3073044,12306966,3064138,3975973,17875973,4023850,17923850,4018323,17918323,4006048,17906048
14000,12376960,3053726,12374085,3093223,12405519,3097021,12385521,3081323,4001218,18001218,4051695,18051695,4048648,18048648,4033853,18033853
14100,12478528,3079953,12450167,3107203,12501585,3124287,12476760,3103814,4031579,18131579,4074411,18174411,4081435,18181435,4062475,18162475
14200,12577584,3109368,12555669,3130465,12566576,3138700,12566609,3126177,4063262,18263262,4101897,18301897,4106564,18306564,4090574,18290574
14300,12653837,3130252,12655995,3155212,12653788,3157579,12654540,3147681,4085362,18385362,4130795,18430795,4136732,18436732,4117629,18417629
14400,12733179,3143474,12740906,3172907,12732190,3175541,12735425,3163974,4113611,18513611,4158938,18558938,4164908,18564908,4145819,18545819
14500,12846711,3171442,12817074,3192368,12853670,3207752,12839151,3190520,4144920,18644920,4185108,18685108,4195503,18695503,4175177,18675177
14600,12918767,3188930,12902396,3212858,12920277,3223250,12913813,3208346,4173152,18773152,4212799,18812799,4222775,18822775,4202908,18802908
14700,13036554,3221978,12983153,3229401,13038850,3255176,13019519,3235518,4203605,18903605,4236821,18936821,4254417,18954417,4231614,18931614
14800,13118830,3244359,13107287,3261231,13112038,3277945,13112718,3261178,4233826,19033826,4269200,19069200,4282894,19082894,4261973,19061973
14900,13196290,3264271,13206771,3291284,13196188,3295376,13199749,3283643,4256939,19156939,4299512,19199512,4310968,19210968,4289139,19189139
15000,13304849,3289148,13295786,3312917,13311394,3329216,13304009,3310427,4280975,19280975,4324713,19324713,4346175,19346175,4317287,19317287
15100,13380041,3303711,13380451,3334348,13383488,3346548,13381326,3328202,4308950,19408950,4354000,19454000,4373001,19473001,4345317,19445317
15200,13508720,3341007,13468251,3354669,13479639,3372013,13485536,3355896,4342112,19542112,4381679,19581679,4403638,19603638,4375809,19575809
15300,13605730,3370311,13577141,3388064,13550076,3388357,13577649,3382244,4376344,19676344,4412035,19712035,4428213,19728213,4405530,19705530
15400,13706918,3404818,13663307,3407963,13614527,3400150,13661584,3404310,4412058,19812058,4434190,19834190,4455515,19855515,4433921,19833921
15500,13778128,3422277,13771277,3435953,13728984,3429073,13759463,3429101,4437724,19937724,4464473,19964473,4482952,19982952,4461716,19961716
15600,13877561,3446227,13868057,3461201,13822912,3455136,13856176,3454188,4467337,20067337,4497029,20097029,4515200,20115200,4493188,20093188
15700,13973835,3472548,13950572,3479556,13936482,3487863,13953629,3479989,4498097,20198097,4529495,20229495,4547225,20247225,4524939,20224939
15800,14065042,3499799,14046280,3510567,14054368,3525583,14055230,3511983,4526605,20326605,4561104,20361104,4578362,20378362,4555357,20355357
15900,14171706,3529628,14135864,3537195,14123809,3543616,14143793,3536813,4561741,20461741,4586206,20486206,4606652,20506652,4584866,20484866
16000,14246799,3550347,14230206,3560996,14202588,3560400,14226531,3557247,4590715,20590715,4613247,20613247,4637303,20637303,4613755,20613755
16100,14339902,3576074,14327781,3582476,14290254,3583048,14319312,3580532,4621599,20721599,4647230,20747230,4662676,20762676,4643835,20743835
16200,14437740,3602760,14416204,3609085,14390190,3608437,14414711,3606760,4652698,20852698,4678168,20878168,4690245,20890245,4673703,20873703
16300,14514421,3621711,14490966,3627113,14465927,3626113,14490438,3624979,4681478,20981478,4707459,21007459,4717113,21017113,4702016,21002016
16400,14610160,3644477,14568381,3644001,14560928,3647428,14579823,3645302,4708327,21108327,4733977,21133977,4748565,21148565,4730289,21130289
16500,14660753,3654811,14637131,3658619,14664965,3675477,14654283,3662969,4729976,21229976,4763383,21263383,4776941,21276941,4756766,21256766
16600,14760529,3677143,14733393,3681904,14748185,3698812,14747369,3685953,4756551,21356551,4790836,21390836,4803213,21403213,4783533,21383533
16700,14848414,3697818,14833773,3706450,14825845,3714971,14836010,3706413,4783618,21483618,4820743,21520743,4830994,21530994,4811785,21511785
16800,14953675,3723333,14901069,3722237,14919657,3737533,14924800,3727701,4812735,21612735,4850835,21650835,4859929,21659929,4841166,21641166
16900,15041218,3746972,15014244,3750977,15019359,3761480,15024940,3753143,4839809,21739809,4881095,21781095,4892742,21792742,4871215,21771215
17000,15159675,3779121,15123671,3782794,15099744,3784751,15127696,3782222,4872881,21872881,4909386,21909386,4921879,21921879,4901382,21901382
17100,15226545,3794511,15210613,3804143,15188542,3811419,15208566,3803357,4900636,22000636,4941824,22041824,4953460,22053460,4931973,22031973
17200,15314869,3818028,15323018,3842699,15259668,3825445,15299185,3828724,4931006,22131006,4976234,22176234,4979082,22179082,4962107,22162107
17300,15390699,3833700,15404749,3865256,15381384,3861602,15392277,3853519,4960478,22260478,5001963,22301963,5010896,22310896,4991112,22291112
17400,15496615,3861859,15506914,3893325,15454159,3876990,15485896,3877391,4988760,22388760,5030946,22430946,5038551,22438551,5019419,22419419
17500,15580584,3884669,15617188,3923766,15569843,3907741,15589205,3905392,5018196,22518196,5059627,22559627,5070402,22570402,5049408,22549408
17600,15671143,3906140,15670761,3937158,15683074,3940148,15674992,3927815,5050199,22650199,5083783,22683783,5100138,22700138,5078040,22678040
17700,15763995,3932553,15772016,3960872,15766773,3963505,15767594,3952310,5080934,22780934,5112545,22812545,5130174,22830174,5107884,22807884
17800,15871112,3963327,15858667,3981459,15852397,3987047,15860725,3977277,5111877,22911877,5139848,22939848,5164401,22964401,5138708,22938708
17900,15964300,3991731,15937307,3998765,15931003,4007415,15944203,3999303,5146613,23046613,5169936,23069936,5194621,23094621,5170390,23070390
18000,16049232,4012769,16037630,4022631,16007381,4023799,16031414,4019733,5174542,23174542,5196187,23196187,5222874,23222874,5197867,23197867
18100,16125747,4031232,16124072,4044316,16111216,4053860,16120345,4043136,5205616,23305616,5224936,23324936,5253338,23353338,5227963,23327963
18200,16205884,4049650,16221688,4071841,16202164,4077006,16209912,4066165,5233776,23433776,5257150,23457150,5282472,23482472,5257799,23457799
18300,16334845,4089177,16301901,4090044,16288827,4098685,16308524,4092635,5272181,23572181,5282151,23582151,5311297,23611297,5288543,23588543
18400,16401607,4109347,16403664,4117245,16364437,4115367,16389902,4113986,5299834,23699834,5310427,23710427,5340538,23740538,5316933,23716933
18500,16494184,4133996,16492044,4135897,16449506,4134239,16478578,4134710,5328255,23828255,5339220,23839220,5369179,23869179,5345551,23845551
18600,16565876,4148168,16606515,4169833,16518240,4148575,16563543,4155525,5356048,23956048,5371003,23971003,5397319,23997319,5374790,23974790
18700,16648097,4166413,16687843,4193600,16637740,4181741,16657893,4180584,5381438,24081438,5402136,24102136,5425205,24125205,5402926,24102926
18800,16752590,4194500,16748012,4205054,16732613,4207038,16744405,4202197,5414019,24214019,5426398,24226398,5455168,24255168,5431861,24231861
18900,16828513,4211538,16824785,4221788,16854831,4242863,16836043,4225396,5440157,24340157,5453096,24353096,5484723,24384723,5459325,24359325
19000,16922485,4235272,16897309,4236379,16910784,4257651,16910192,4243100,5469963,24469963,5481472,24481472,5510831,24510831,5487422,24487422
19100,17002959,4255631,16999773,4260237,17033340,4292018,17012024,4269295,5495568,24595568,5509830,24609830,5544310,24644310,5516569,24616569
19200,17114934,4282875,17079376,4277846,17127646,4317069,17107318,4292596,5523252,24723252,5532736,24732736,5570187,24770187,5542058,24742058
19300,17198408,4300833,17187318,4302258,17217439,4341214,17201055,4314768,5551329,24851329,5561538,24861538,5598488,24898488,5570451,24870451
19400,17248971,4312082,17281329,4329526,17292796,4357266,17274365,4332958,5576818,24976818,5589844,24989844,5624996,25024996,5597219,24997219
19500,17330132,4326004,17400094,4361158,17390748,4381007,17373658,4356056,5602651,25102651,5624535,25124535,5653945,25153945,5627043,25127043
19600,17401145,4336778,17469989,4380598,17478074,4405118,17449736,4374164,5630663,25230663,5654858,25254858,5684153,25284153,5656558,25256558
19700,17497890,4356832,17570227,4410806,17575114,4430952,17547743,4399530,5658911,25358911,5685761,25385761,5714868,25414868,5686513,25386513
19800,17616816,4389389,17670805,4436691,17658067,4454781,17648562,4426953,5687903,25487903,5715142,25515142,5745692,25545692,5716245,25516245
19900,17703696,4414289,17751038,4457151,17750866,4477587,17735200,4449675,5715340,25615340,5738063,25638063,5775244,25675244,5742882,25642882
20000,17761242,4426217,17840959,4478042,17849787,4507010,17817329,4470423,5737528,25737528,5772213,25772213,5808624,25808624,5772788,25772788
20100,17834386,4438252,17956537,4511757,17923666,4528175,17904863,4492728,5760050,25860050,5808371,25908371,5834077,25934077,5800832,25900832
20200,17943276,4458671,18030897,4533196,18036296,4557232,18003489,4516366,5789690,25989690,5841098,26041098,5869664,26069664,5833484,26033484
20300,18065643,4492768,18115571,4556792,18105490,4573173,18095568,4540911,5819501,26119501,5870609,26170609,5899022,26199022,5863044,26163044
20400,18176679,4524195,18211993,4583295,18207173,4599919,18198615,4569136,5852258,26252258,5900872,26300872,5929428,26329428,5894186,26294186
20500,18252277,4544284,18295845,4602613,18274870,4617888,18274330,4588261,5883454,26383454,5934340,26434340,5954231,26454231,5924008,26424008
20600,18351787,4571975,18390117,4631393,18365551,4641032,18369151,4614800,5912215,26512215,5964491,26564491,5983877,26583877,5953527,26553527
20700,18425859,4588695,18470761,4649781,18456912,4661995,18451177,4633490,5940320,26640320,5996319,26696319,6011528,26711528,5982722,26682722
20800,18531479,4617298,18559886,4674950,18555160,4687199,18548841,4659815,5970189,26770189,6028109,26828109,6044328,26844328,6014208,26814208
20900,18612049,4638375,18660226,4704663,18641968,4711381,18638081,4684806,5999161,26899161,6053019,26953019,6077476,26977476,6043218,26943218
21000,18711389,4662398,18743917,4725014,18739857,4742669,18731721,4710027,6028125,27028125,6084786,27084786,6112039,27112039,6074983,27074983
21100,18801860,4687235,18815180,4740196,18830197,4773187,18815745,4733539,6056549,27156549,6112385,27212385,6141505,27241505,6103479,27203479
21200,18891179,4711135,18913572,4763777,18926299,4795910,18910350,4756940,6088518,27288518,6141301,27341301,6173311,27373311,6134376,27334376
21300,18970129,4729937,18996362,4785073,19022042,4824214,18996177,4779741,6113793,27413793,6165899,27465899,6208918,27508918,6162870,27462870
21400,19073114,4759694,19097067,4811749,19089682,4841699,19086621,4804380,6144221,27544221,6194900,27594900,6233723,27633723,6190948,27590948
21500,19177857,4789055,19201735,4834711,19197969,4869018,19192520,4830928,6173229,27673229,6223326,27723326,6262469,27762469,6219674,27719674
21600,19271959,4815977,19274348,4852121,19301489,4895109,19282598,4854402,6208530,27808530,6250649,27850649,6293946,27893946,6251041,27851041
21700,19350195,4834974,19350673,4867603,19378032,4921619,19359633,4874732,6235837,27935837,6276447,27976447,6324148,28024148,6278810,27978810
21800,19442538,4861799,19462678,4900133,19453110,4937976,19452775,4899969,6263697,28063697,6306538,28106538,6350388,28150388,6306874,28106874
21900,19507348,4874858,19580103,4933438,19579986,4975094,19555812,4927796,6289804,28189804,6335279,28235279,6382090,28282090,6335724,28235724
22000,19591237,4892204,19650202,4949944,19658763,4994339,19633400,4945495,6314688,28314688,6364646,28364646,6407131,28407131,6362155,28362155
22100,19676439,4909287,19729046,4967931,19778846,5028170,19728110,4968462,6340622,28440622,6390582,28490582,6439299,28539299,6390167,28490167
22200,19789145,4935591,19845428,5000593,19861008,5050692,19831860,4995625,6368834,28568834,6419065,28619065,6471331,28671331,6419743,28619743
22300,19874560,4957015,19934986,5022796,19931318,5067882,19913621,5015897,6398826,28698826,6453695,28753695,6498487,28798487,6450336,28750336
22400,19982640,4989117,20046580,5058383,20000955,5081412,20010058,5042970,6427469,28827469,6486781,28886781,6528569,28928569,6480939,28880939
22500,20060222,5005340,20096988,5069380,20065732,5094181,20074314,5056300,6456420,28956420,6511036,29011036,6553480,29053480,6506978,29006978
22600,20157744,5031025,20161908,5082129,20171246,5117981,20163632,5077045,6484933,29084933,6532657,29132657,6583919,29183919,6533836,29133836
22700,20261275,5059323,20261513,5099288,20262339,5139797,20261709,5099469,6511522,29211522,6559165,29259165,6610662,29310662,6560449,29260449
22800,20340477,5079013,20364990,5123230,20356490,5165611,20353985,5122618,6543851,29343851,6587033,29387033,6637777,29437777,6589553,29389553
22900,20390762,5089482,20446671,5143124,20435795,5181592,20424409,5138066,6565890,29465890,6620408,29520408,6666327,29566327,6617541,29517541
23000,20505150,5111784,20523273,5162308,20529541,5204773,20519321,5159621,6592771,29592771,6643585,29643585,6698467,29698467,6644941,29644941
23100,20603166,5135791,20621657,5186148,20590568,5218269,20605130,5180069,6623067,29723067,6669281,29769281,6722584,29822584,6671644,29771644
23200,20702364,5162491,20708272,5204354,20704730,5247952,20705122,5204932,6652625,29852625,6697721,29897721,6749559,29949559,6699968,29899968
23300,20797582,5189819,20794505,5222125,20772378,5260903,20788155,5224282,6680620,29980620,6726088,30026088,6776272,30076272,6727660,30027660
23400,20851219,5201105,20884440,5246947,20847197,5275275,20860952,5241109,6705988,30105988,6753792,30153792,6802181,30202181,6753987,30153987
23500,20982440,5234501,20970205,5265486,20943880,5295557,20965508,5265181,6739561,30239561,6781845,30281845,6830484,30330484,6783963,30283963
23600,21060393,5255164,21066622,5287545,21050149,5324388,21059054,5289032,6769981,30369981,6809998,30409998,6863047,30463047,6814342,30414342
23700,21146002,5275088,21148576,5306548,21173390,5363974,21155989,5315203,6796602,30496602,6836268,30536268,6899308,30599308,6844059,30544059
23800,21263211,5307655,21255168,5335104,21234445,5380748,21250941,5341169,6823588,30623588,6860244,30660244,6925238,30725238,6869690,30669690
23900,21378146,5344478,21356464,5362397,21328676,5403105,21354428,5369993,6856603,30756603,6886263,30786263,6954625,30854625,6899163,30799163
24000,21432177,5356404,21428971,5377860,21408697,5421269,21423281,5385177,6879949,30879949,6914054,30914054,6979211,30979211,6924404,30924404
24100,21502920,5368948,21511790,5396770,21506599,5442353,21507103,5402690,6901912,31001912,6937032,31037032,7005563,31105563,6948169,31048169
24200,21586624,5384819,21605610,5417223,21578923,5458568,21590385,5420203,6926698,31126698,6967140,31167140,7029866,31229866,6974568,31174568
24300,21685596,5404849,21691722,5438156,21709638,5495899,21695652,5446301,6957651,31257651,6993944,31293944,7062660,31362660,7004751,31304751
24400,21759058,5421167,21772134,5453982,21799871,5519601,21777021,5464916,6987714,31387714,7019976,31419976,7093398,31493398,7033696,31433696
24500,21877048,5452473,21912479,5492237,21899167,5546241,21896231,5496983,7018662,31518662,7051524,31551524,7125515,31625515,7065233,31565233
24600,21956212,5472368,21982473,5512467,21989000,5572740,21975895,5519191,7045540,31645540,7079120,31679120,7157597,31757597,7094085,31694085
24700,22040462,5493908,22061792,5529877,22091383,5605860,22064545,5543215,7072805,31772805,7105000,31805000,7192790,31892790,7123531,31823531
24800,22155330,5524608,22153998,5549263,22191057,5638069,22166795,5570646,7105573,31905573,7133283,31933283,7225163,32025163,7154673,31954673
24900,22244832,5549845,22265404,5578181,22275957,5663654,22262064,5597226,7138180,32038180,7161496,32061496,7250845,32150845,7183507,32083507
25000,22333992,5574975,22343240,5595316,22361215,5682213,22346149,5617501,7173209,32173209,7190392,32190392,7281084,32281084,7214895,32214895
25100,22403974,5591611,22440029,5621677,22414918,5692207,22419640,5635165,7200532,32300532,7220681,32320681,7301923,32401923,7241045,32341045
25200,22458878,5603211,22534275,5648763,22503938,5710767,22499030,5654247,7221157,32421157,7248911,32448911,7328934,32528934,7266334,32466334
25300,22568867,5627648,22605591,5667025,22637953,5743150,22604137,5679274,7248640,32548640,7276670,32576670,7360457,32660457,7295255,32595255
25400,22654262,5644937,22715668,5693753,22682868,5755486,22684266,5698058,7277258,32677258,7307980,32707980,7385774,32785774,7323670,32723670
25500,22738584,5666407,22785927,5712584,22775237,5771816,22766582,5716935,7303614,32803614,7331763,32831763,7413624,32913624,7349667,32849667
25600,22805398,5677119,22890799,5735572,22879474,5798645,22858557,5737112,7322787,32922787,7361827,32961827,7441572,33041572,7375395,32975395
25700,22926079,5706556,22975925,5756083,22974135,5824004,22958713,5762214,7347259,33047259,7392608,33092608,7472475,33172475,7404114,33104114
25800,23042450,5736315,23074930,5781329,23069852,5851059,23062410,5789567,7377293,33177293,7423715,33223715,7504883,33304883,7435297,33235297
25900,23145634,5766420,23175259,5809453,23133763,5866614,23151552,5814162,7411940,33311940,7454691,33354691,7530689,33430689,7465773,33365773
26000,23235427,5791103,23261592,5833568,23262724,5899266,23253247,5841312,7442672,33442672,7484687,33484687,7561247,33561247,7496202,33496202
26100,23304465,5811038,23363711,5866151,23348768,5925183,23338981,5867457,7465759,33565759,7516285,33616285,7591575,33691575,7524539,33624539
26200,23424177,5838759,23432788,5881377,23447717,5948956,23434894,5889697,7494751,33694751,7544879,33744879,7625792,33825792,7555140,33755140
26300,23487739,5854816,23534671,5903596,23546033,5982005,23522814,5913472,7516501,33816501,7572964,33872964,7656499,33956499,7581988,33881988
26400,23599694,5882531,23627486,5928192,23632967,6005431,23620049,5938718,7545524,33945524,7600679,34000679,7685694,34085694,7610632,34010632
26500,23683098,5900225,23705810,5948355,23732294,6033153,23707067,5960577,7570889,34070889,7625881,34125881,7716545,34216545,7637771,34137771
26600,23768774,5917929,23769062,5960535,23776540,6042177,23771458,5973547,7598949,34198949,7654519,34254519,7737908,34337908,7663792,34263792
26700,23880995,5951449,23874417,5983567,23871081,6058994,23875497,5998003,7631090,34331090,7685986,34385986,7768202,34468202,7695092,34395092
26800,23978489,5979042,23954846,6002766,23969142,6084141,23967492,6021983,7660612,34460612,7712425,34512425,7795853,34595853,7722963,34522963
26900,24083681,6005723,24025090,6016547,24071373,6115404,24060048,6045891,7692563,34592563,7734968,34634968,7827125,34727125,7751552,34651552
27000,24145869,6022850,24125834,6036797,24139873,6127204,24137192,6062283,7721525,34721525,7760849,34760849,7857752,34857752,7780042,34780042
27100,24219463,6037814,24238065,6068477,24223240,6148487,24226922,6084926,7747503,34847503,7791378,34891378,7883263,34983263,7807381,34907381
27200,24296007,6054416,24329914,6092562,24304465,6167609,24310128,6104862,7773163,34973163,7820962,35020962,7913029,35113029,7835718,35035718
27300,24387603,6073124,24395986,6105880,24379818,6181259,24387802,6120087,7798608,35098608,7847979,35147979,7940907,35240907,7862498,35162498
27400,24511462,6107951,24493560,6131363,24525517,6226425,24510179,6155246,7830884,35230884,7874502,35274502,7975933,35375933,7893773,35293773
27500,24603363,6131372,24612243,6162914,24593721,6244921,24603109,6179735,7862587,35362587,7908689,35408689,8006994,35506994,7926090,35426090
27600,24698615,6159476,24690005,6184272,24670275,6263283,24686298,6202343,7892142,35492142,7937767,35537767,8035983,35635983,7955297,35555297
27700,24791981,6182952,24755149,6199493,24760483,6288510,24769204,6223651,7921291,35621291,7962622,35662622,8064907,35764907,7982940,35682940
27800,24857259,6198141,24892567,6234886,24855168,6310724,24868331,6247917,7950165,35750165,7994763,35794763,8093404,35893404,8012777,35812777
27900,24974894,6228363,24958296,6251736,24923335,6328731,24952175,6269610,7980632,35880632,8019428,35919428,8118082,36018082,8039380,35939380
28000,25051758,6246745,25024463,6265006,25032919,6355285,25036380,6289012,8002910,36002910,8047395,36047395,8146780,36146780,8065695,36065695
28100,25129571,6263202,25126128,6286580,25149073,6386524,25134924,6312102,8030175,36130175,8072456,36172456,8180790,36280790,8094473,36194473
28200,25196790,6275379,25199040,6300301,25211571,6401225,25202467,6325635,8054382,36254382,8096971,36296971,8213279,36413279,8121544,36321544
28300,25295548,6296699,25317939,6331075,25291019,6418331,25301502,6348701,8089069,36389069,8124228,36424228,8241796,36541796,8151697,36451697
28400,25394696,6324741,25408419,6351807,25371311,6441318,25391475,6372622,8117836,36517836,8152859,36552859,8266701,36666701,8179132,36579132
28500,25492678,6353577,25474486,6365696,25454288,6459182,25473817,6392818,8147580,36647580,8181789,36681789,8294754,36794754,8208041,36708041
28600,25569903,6372942,25582484,6394157,25528123,6474768,25560170,6413955,8176555,36776555,8211457,36811457,8322158,36922158,8236723,36836723
28700,25689584,6406318,25681256,6421273,25651755,6508751,25674198,6445447,8208455,36908455,8240654,36940654,8349675,37049675,8266261,36966261
28800,25760457,6423029,25740093,6434134,25760797,6538042,25753782,6465068,8234925,37034925,8266205,37066205,8382235,37182235,8294455,37094455
28900,25864891,6446828,25899313,6484139,25850367,6563946,25871523,6498304,8260166,37160166,8303428,37203428,8413910,37313910,8325834,37225834
29000,25929024,6462500,25968332,6505630,25960470,6598193,25952608,6522107,8285503,37285503,8332643,37332643,8445162,37445162,8354436,37354436
29100,26054908,6493402,26063101,6528727,26056912,6623564,26058307,6548564,8319131,37419131,8361411,37461411,8478756,37578756,8386432,37486432
29200,26130164,6516317,26139993,6548736,26128346,6643841,26132834,6569631,8346083,37546083,8388108,37588108,8506013,37706013,8413401,37613401
29300,26230474,6539507,26233069,6568124,26207901,6662388,26223814,6590006,8371109,37671109,8414606,37714606,8536835,37836835,8440850,37740850
29400,26329868,6566594,26313887,6584566,26271588,6675039,26305114,6608733,8400309,37800309,8443474,37843474,8562002,37962002,8468595,37868595
29500,26417886,6589784,26391032,6602843,26367849,6696798,26392255,6629808,8429817,37929817,8467114,37967114,8586379,38086379,8494436,37994436
29600,26503965,6610804,26491696,6626226,26467734,6720885,26487798,6652638,8460630,38060630,8494463,38094463,8614610,38214610,8523234,38123234
29700,26580561,6628930,26582533,6648987,26533956,6733558,26565683,6670491,8483651,38183651,8517448,38217448,8640701,38340701,8547266,38247266
29800,26686384,6657439,26705816,6680451,26648719,6763719,26680306,6700536,8516917,38316917,8548719,38348719,8670938,38470938,8578858,38378858
29900,26767926,6676571,26791849,6699763,26728663,6783815,26762812,6720049,8543532,38443532,8578736,38478736,8700437,38600437,8607568,38507568
30000,26869464,6703255,26861013,6720283,26784154,6794521,26838210,6739353,8572573,38572573,8605722,38605722,8725593,38725593,8634629,38634629
30100,26958672,6724573,26962835,6744435,26887341,6817741,26936282,6762249,8604382,38704382,8637744,38737744,8749525,38849525,8663883,38763883
30200,27038428,6745557,27069795,6778066,27028449,6856578,27045557,6793400,8631367,38831367,8673510,38873510,8778154,38978154,8694343,38894343
30300,27151913,6776852,27128698,6792210,27127966,6885657,27136192,6818239,8664412,38964412,8697568,38997568,8811202,39111202,8724394,39024394
30400,27211858,6790599,27230569,6818134,27200458,6905068,27214295,6837933,8691688,39091688,8729481,39129481,8841018,39241018,8754062,39154062
30500,27323199,6820084,27301990,6833242,27305819,6935895,27310336,6863073,8724961,39224961,8757559,39257559,8873240,39373240,8785253,39285253
30600,27407636,6842006,27409324,6860026,27369025,6949025,27395328,6883685,8751847,39351847,8789852,39389852,8900332,39500332,8814010,39414010
30700,27487838,6859657,27480004,6875763,27459003,6971455,27475615,6902291,8783507,39483507,8817109,39517109,8929816,39629816,8843477,39543477
30800,27547917,6872470,27544607,6890106,27547551,6993148,27546691,6918574,8811150,39611150,8840785,39640785,8958571,39758571,8870168,39670168
30900,27656071,6899554,27679054,6926445,27650508,7020892,27661877,6948963,8843911,39743911,8872386,39772386,8987284,39887284,8901193,39801193
31000,27738274,6921508,27771686,6953257,27754184,7052116,27754714,6975627,8873923,39873923,8904030,39904030,9018583,40018583,8932178,39932178
31100,27888140,6972776,27868696,6978970,27854686,7079562,27870507,7010436,8908226,40008226,8934231,40034231,9050001,40150001,8964152,40064152
31200,27959467,6993882,27940446,6998144,27946080,7104805,27948664,7032277,8936655,40136655,8960409,40160409,9082841,40282841,8993301,40193301
31300,28080529,7029491,28045866,7023832,28011240,7118679,28045878,7057334,8970666,40270666,8993383,40293383,9108766,40408766,9024271,40324271
31400,28149520,7047850,28124550,7045224,28092268,7138600,28122112,7077224,9002361,40402361,9022966,40422966,9135115,40535115,9053480,40453480
31500,28253360,7077856,28190161,7059449,28202629,7166959,28215383,7101421,9034656,40534656,9047627,40547627,9167541,40667541,9083274,40583274
31600,28328590,7094932,28281056,7078885,28305866,7196699,28305170,7123505,9064013,40664013,9072679,40672679,9197538,40797538,9111410,40711410
31700,28402086,7113524,28369068,7097365,28393286,7219412,28388146,7143433,9092832,40792832,9102322,40802322,9229199,40929199,9141451,40841451
31800,28477355,7130047,28446809,7113775,28485574,7243963,28469912,7162595,9119055,40919055,9127307,40927307,9259198,41059198,9168520,40968520
31900,28575428,7157219,28535843,7135034,28552396,7261045,28554555,7184432,9147629,41047629,9158213,41058213,9287433,41187433,9197758,41097758
32000,28662671,7179235,28650166,7166327,28648335,7283895,28653724,7209819,9173604,41173604,9190033,41190033,9315433,41315433,9226356,41226356
32100,28762165,7201874,28715725,7182653,28729275,7302644,28735721,7229057,9197118,41297118,9218927,41318927,9342713,41442713,9252919,41352919
32200,28859940,7224702,28828994,7216801,28821743,7327739,28836892,7256414,9225164,41425164,9249292,41449292,9369671,41569671,9281375,41481375
32300,28957018,7251628,28903374,7235888,28918841,7348946,28926411,7278820,9256531,41556531,9280582,41580582,9395615,41695615,9310909,41610909
32400,29029658,7268194,28997464,7259016,29005985,7370614,29011035,7299274,9285831,41685831,9307713,41707713,9421799,41821799,9338447,41738447
32500,29106671,7282881,29075060,7276081,29104432,7392846,29095387,7317269,9315106,41815106,9331711,41831711,9451081,41951081,9365966,41865966
32600,29175925,7297424,29166584,7297101,29194670,7416614,29179059,7337046,9339892,41939892,9358937,41958937,9483855,42083855,9394228,41994228
32700,29274083,7319961,29288030,7332019,29254044,7429269,29272052,7360416,9366505,42066505,9392681,42092681,9510948,42210948,9423378,42123378
32800,29345990,7333721,29397581,7365836,29337435,7445403,29360335,7381653,9393416,42193416,9428216,42228216,9540561,42340561,9454064,42254064
32900,29433950,7353074,29480063,7389891,29384802,7452963,29432938,7398642,9416664,42316664,9455972,42355972,9563184,42463184,9478606,42378606
33000,29536106,7376287,29579180,7415473,29527155,7493093,29547480,7428284,9445592,42445592,9482574,42482574,9596985,42596985,9508383,42508383
33100,29619545,7395661,29648038,7427817,29614614,7519251,29627399,7447576,9474842,42574842,9510031,42610031,9624549,42724549,9536474,42636474
33200,29709039,7416911,29740872,7451883,29681117,7530656,29710342,7466483,9501038,42701038,9536089,42736089,9647878,42847878,9561668,42761668
33300,29809907,7440969,29843286,7480020,29789233,7553456,29814142,7491481,9530745,42830745,9563730,42863730,9673642,42973642,9589372,42889372
33400,29887748,7459907,29906864,7494429,29866279,7571912,29886963,7508749,9555026,42955026,9587407,42987407,9699154,43099154,9613862,43013862
33500,29997855,7488964,30011096,7516132,29989357,7601801,29999436,7535632,9592745,43092745,9612663,43112663,9726750,43226750,9644052,43144052
33600,30074383,7508530,30096488,7535711,30097229,7636718,30089366,7560319,9622659,43222659,9643103,43243103,9761002,43361002,9675588,43275588
33700,30208675,7554010,30207332,7565768,30189737,7661377,30201914,7593718,9657228,43357228,9677215,43377215,9792693,43492693,9709045,43409045
33800,30269898,7568717,30289678,7591100,30268982,7682417,30276186,7614078,9689309,43489309,9707704,43507704,9824747,43624747,9740586,43540586
33900,30354485,7588744,30370668,7609199,30345622,7699661,30356925,7632534,9716021,43616021,9737078,43637078,9852901,43752901,9768666,43668666
34000,30420021,7601254,30444864,7624586,30453865,7727374,30439583,7651071,9743649,43743649,9765414,43765414,9880876,43880876,9796646,43796646
34100,30523894,7628293,30534290,7645387,30545197,7751682,30534460,7675120,9768845,43868845,9796588,43896588,9906278,44006278,9823903,43923903
34200,30635799,7657317,30653209,7677704,30648371,7779542,30645793,7704854,9798156,43998156,9825430,44025430,9939930,44139930,9854505,44054505
34300,30725482,7681688,30744940,7706261,30752880,7810386,30741100,7732778,9828623,44128623,9852163,44152163,9971021,44271021,9883935,44183935
34400,30793081,7698074,30856609,7737192,30833866,7830900,30827852,7755388,9855417,44255417,9882403,44282403,10002004,44402004,9913274,44313274
34500,30882996,7719510,30933668,7759743,30908458,7851036,30908374,7776763,9881926,44381926,9910704,44410704,10032443,44532443,9941691,44441691
34600,30997102,7751164,31037770,7785640,31020871,7884635,31018581,7807146,9914481,44514481,9944426,44544426,10062202,44662202,9973703,44573703
34700,31088276,7775361,31122881,7809615,31097161,7903436,31102772,7829470,9949325,44649325,9976701,44676701,10090133,44790133,10005386,44705386
34800,31172442,7799135,31194197,7827798,31196768,7929425,31187802,7852119,9974480,44774480,10005331,44805331,10118699,44918699,10032836,44832836
34900,31288122,7831778,31277119,7850892,31245760,7936593,31270333,7873087,10001310,44901310,10031580,44931580,10146526,45046526,10059805,44959805
35000,31372054,7853452,31372850,7869655,31306317,7947782,31350407,7890296,10026380,45026380,10059359,45059359,10170738,45170738,10085492,45085492
35100,31452847,7869015,31444167,7886789,31419411,7972774,31438808,7909526,10052532,45152532,10085990,45185990,10197334,45297334,10111952,45211952
35200,31543804,7888873,31539355,7908603,31516112,7995125,31533090,7930867,10083612,45283612,10114951,45314951,10226845,45426845,10141802,45341802
35300,31629187,7909327,31639826,7932641,31632321,8027209,31633778,7956392,10110773,45410773,10146015,45446015,10252416,45552416,10169734,45469734
35400,31743778,7942007,31745769,7965144,31703444,8043418,31730997,7983523,10144661,45544661,10174669,45574669,10278884,45678884,10199404,45599404
35500,31837620,7971532,31841001,7989961,31819863,8072356,31832828,8011283,10179809,45679809,10203913,45703913,10310556,45810556,10231426,45731426
35600,31903501,7986290,31921620,8011239,31892391,8092751,31905837,8030093,10209817,45809817,10230791,45830791,10338074,45938074,10259560,45859560
35700,31999448,8010196,32006978,8029961,31968255,8111280,31991560,8050479,10238693,45938693,10261950,45961950,10361131,46061131,10287258,45987258
35800,32091862,8034665,32089166,8050425,32088956,8141549,32089994,8075546,10267880,46067880,10291579,46091579,10392960,46192960,10317473,46117473
35900,32187690,8061326,32180833,8073730,32179354,8163615,32182625,8099557,10301786,46201786,10330599,46230599,10424018,46324018,10352134,46252134
36000,32294298,8093550,32258951,8096574,32251655,8182263,32268301,8124129,10330534,46330534,10363617,46363617,10451179,46451179,10381776,46381776
