n,Dynamic Programming Memoization,,,,,,,Dynamic Programming Tabulation,,,,,,,Greedy Highest Value,,,,,,,,Greedy Smallest Weight,,,,,,,,Greedy Greatest Worth Ratio,,,,,,,
,Value 1,Time 1,Value 2,Time 2,Value 3,Time 3,Avg Time,Value 1,Time 1,Value 2,Time 2,Value 3,Time 3,Avg Time,Value 1,Time 1,Value 2,Time 2,Value 3,Time 3,Avg Time,Avg % Error,Value 1,Time 1,Value 2,Time 2,Value 3,Time 3,Average Time,Avg % Error,Value 1,Time 1,Value 2,Time 2,Value 3,Time 3,Average Time,Avg % Error
100,11118,10102,11761,9701,9629,10127,9976,11118,2854,11761,2882,9629,2654,2796,6445,3,6835,3,5844,3,3,41.07%,10343,2,10814,2,8991,2,2,7.22%,8802,1,9621,1,7181,1,1,21.48%
200,14504,21366,15189,21749,11263,21603,21572,14504,5290,15189,5194,11263,5134,5206,7658,5,8186,6,5796,5,5,47.28%,13566,3,13183,4,9559,4,3,11.60%,13308,2,14963,2,8668,2,2,10.92%
300,17454,34164,16533,31993,13685,32077,32744,17454,8150,16533,7595,13685,8273,8006,7358,7,6358,7,6381,8,7,57.59%,16029,6,14611,6,11970,5,5,10.77%,16793,3,15467,3,12103,3,3,7.26%
400,18629,44228,18707,44818,16690,43183,44076,18629,10631,18707,10289,16690,9950,10290,6931,9,6419,9,6886,9,9,62.41%,17034,7,17001,7,15098,8,7,9.07%,17397,4,16555,4,16306,4,4,6.81%
500,19031,55926,20025,54145,18378,53703,54591,19031,13305,20025,13598,18378,13340,13414,7432,11,6425,11,7371,11,11,62.92%,17212,9,18166,9,16624,9,9,9.46%,17397,4,17784,4,17319,4,4,8.51%
600,20112,68810,20648,67702,19264,66858,67790,20112,15710,20648,16064,19264,15553,15775,7915,13,4993,13,6944,13,13,66.81%,18071,11,19220,11,17760,11,11,8.29%,17917,5,18437,5,17781,5,5,9.77%
700,21146,83574,21339,79194,20255,78925,80564,21146,18694,21339,18205,20255,17674,18191,8413,18,5978,19,7448,19,18,65.14%,19065,14,19788,15,18994,14,14,7.78%,18785,6,19087,7,18347,6,6,10.38%
800,21745,92477,22316,89875,21891,89672,90674,21745,21471,22316,28415,21891,21260,23715,6963,19,5491,18,7448,16,17,69.78%,19406,16,20506,16,19984,15,15,9.19%,19434,7,20624,7,19538,6,6,9.65%
900,22078,103770,23046,101939,22823,105412,103707,22078,23538,23046,24098,22823,21758,23131,7342,23,5491,20,4989,20,21,73.69%,19484,18,21260,19,20950,18,18,9.24%,19784,8,21484,8,20289,8,8,9.42%
1000,22461,114495,23903,118133,23163,109825,114151,22461,24604,23903,24036,23163,24873,24504,7442,21,5491,21,4989,22,21,74.12%,19821,20,21406,19,20938,20,19,10.60%,20227,8,22747,8,20524,8,8,8.73%
1100,23535,125959,24070,120403,23860,120834,122398,23535,27619,24070,26018,23860,26199,26612,7449,26,5491,24,4989,23,24,74.88%,20388,22,21264,22,21065,22,22,12.25%,21532,9,23152,9,21481,9,9,7.43%
1200,23965,138106,24916,132542,24580,132631,134426,23965,30153,24916,29354,24580,28864,29457,6486,26,5491,26,6479,26,26,74.85%,20406,24,22130,31,21449,25,26,12.92%,22185,9,24836,9,22384,10,9,5.56%
1300,24464,154832,25310,144146,24888,145903,148293,24464,31201,25310,33457,24888,31225,31961,5990,27,5491,28,6479,29,28,75.93%,21225,32,22109,25,21611,27,28,13.02%,22700,10,25156,10,22851,10,10,5.33%
1400,25253,158596,25383,155381,25140,156295,156757,25253,34738,25383,33982,25140,34092,34270,7487,31,5491,38,6479,29,32,74.32%,21842,28,22334,28,21993,28,28,12.68%,24169,10,25305,10,23331,11,10,3.93%
1500,25536,169119,25599,167267,25855,168930,168438,25536,36541,25599,36633,25855,36962,36712,7492,31,5985,32,5490,32,31,75.35%,21585,30,22219,29,22689,30,29,13.64%,24821,11,25374,11,24573,11,11,2.88%
1600,25888,186378,26003,184446,26254,179597,183473,25888,39610,26003,40316,26254,38148,39358,7492,33,5985,33,5490,34,33,75.71%,21678,40,22310,31,22810,32,34,14.53%,25185,12,25753,12,25094,12,12,2.70%
1700,26095,197739,26197,206264,26254,198292,200765,26095,44354,26197,42971,26254,42659,43328,7492,45,5985,38,5490,37,40,75.84%,21939,36,22114,36,22993,36,36,14.64%,25507,13,25753,21,25094,13,15,2.79%
1800,26535,207668,26462,200168,27109,204134,203990,26535,45095,26462,42594,27109,44478,44055,6500,37,5985,37,6986,37,37,75.71%,22133,36,22339,36,23339,36,36,15.36%,26343,13,25784,13,26379,13,13,1.99%
1900,26821,218297,26588,208674,27343,213261,213410,26821,45736,26588,44872,27343,45212,45273,7496,40,5985,40,6986,38,39,74.66%,22250,38,21756,45,23325,37,40,16.64%,26504,14,25784,14,26849,13,13,2.00%
2000,27358,230720,27149,230196,27523,229269,230061,27358,51958,27149,48674,27523,47454,49362,6983,641,5985,40,6989,39,240,75.68%,22585,43,22549,63,23627,38,48,16.18%,26938,14,26144,67,27322,14,31,1.99%
2100,27498,240626,27682,233619,27801,234939,236394,27498,50604,27682,51264,27801,50137,50668,6983,80,5985,43,6989,42,55,75.95%,22837,44,23497,42,23264,40,42,16.13%,26953,15,26470,15,27639,15,15,2.31%
2200,27720,246811,27797,249165,28207,249149,248375,27720,52090,27797,53076,28207,56387,53851,6983,46,5496,45,7491,60,50,76.16%,22729,44,23349,43,23722,44,43,16.64%,26953,16,26470,16,27618,16,16,3.21%
2300,27971,262128,28444,266272,28519,258124,262174,27971,55426,28444,55766,28519,52712,54634,6503,49,6497,46,7491,47,47,75.88%,23109,47,24175,44,23997,45,45,16.08%,27188,16,26520,16,27981,16,16,3.82%
2400,28553,268250,29050,267865,28810,273626,269913,28553,57694,29050,56304,28810,57604,57200,6503,49,6810,58,7491,60,55,75.93%,23979,50,24290,48,23935,56,51,16.44%,27522,18,27088,17,28034,20,18,4.35%
2500,29069,289496,29316,287479,29328,288037,288337,29069,64901,29316,60240,29328,60553,61898,6503,64,8481,65,7491,52,60,74.39%,24100,51,24599,51,24172,60,54,16.92%,28002,17,27312,19,28382,18,18,4.58%
2600,29226,295317,29716,293898,29660,297202,295472,29226,63310,29716,64250,29660,62146,63235,7003,51,8481,59,7491,60,56,74.08%,23833,50,24565,60,24711,62,57,17.49%,28204,23,27654,19,28470,22,21,4.82%
2700,29582,306782,30221,309504,30251,306364,307550,29582,69762,30221,65369,30251,64187,66439,7004,67,7996,57,7492,55,59,75.03%,23715,56,24049,52,24955,54,54,19.25%,28241,19,28157,20,28994,19,19,5.17%
2800,29732,317670,30348,316499,30484,312560,315576,29732,67470,30348,67720,30484,66000,67063,6505,60,7998,58,7492,56,58,75.73%,23986,58,24436,56,25558,64,59,18.32%,28278,21,28305,21,29159,19,20,5.32%
2900,29756,326207,30371,332951,31086,323826,327661,29756,73507,30371,70006,31086,69922,71145,6505,68,8000,63,6997,60,63,76.43%,23992,58,24250,61,25829,69,62,18.81%,28278,20,28305,21,29780,20,20,5.32%
3000,30285,338121,30506,337228,31528,334762,336703,30285,71048,30506,71930,31528,72013,71663,6505,58,8000,65,7496,67,63,76.17%,24824,57,24011,58,26055,60,58,18.89%,28855,21,28433,20,30363,21,20,5.07%
3100,30285,353825,30650,352864,31575,348743,351810,30285,75041,30650,74896,31575,73950,74629,6505,109,8000,68,7496,70,82,76.23%,24863,115,23867,74,26055,78,89,19.17%,28855,40,28445,32,30363,26,32,5.25%
3200,30375,357022,30731,369580,31843,364333,363645,30375,76903,30731,76689,31843,82277,78623,6505,64,8000,74,7999,67,68,75.81%,24699,63,23994,66,25755,77,68,19.91%,29036,22,28638,23,30398,23,22,5.25%
3300,30522,381743,30731,380781,32032,380138,380887,30522,85567,30731,80391,32032,79742,81900,6505,64,8000,93,8998,73,76,74.85%,24699,66,23993,73,25867,77,72,20.08%,29175,24,28638,25,30527,24,24,5.31%
3400,30522,391239,30831,390494,32044,399340,393691,30522,80764,30831,87404,32044,83006,83724,6505,66,8000,71,8998,67,68,74.89%,24824,74,24205,71,26133,72,72,19.54%,29175,25,28638,24,30527,24,24,5.42%
3500,31077,407659,30831,402855,32201,400518,403677,31077,90707,30831,82727,32201,86726,86720,6505,71,8003,71,8005,77,73,76.08%,25264,81,24205,70,26133,74,75,19.68%,29637,24,28638,24,30900,26,24,5.26%
3600,31082,441865,30904,427560,32407,402178,423867,31082,92642,30904,91851,32407,86636,90376,6505,79,8003,72,8005,72,74,76.16%,25264,74,24205,76,26479,75,75,19.56%,29637,29,28638,26,31053,33,29,5.39%
3700,31311,435588,30904,421849,32708,427578,428338,31311,89236,30904,93345,32708,92252,91611,6505,89,8003,80,8005,76,81,76.28%,25193,77,23989,74,26724,76,75,20.07%,29831,26,28638,26,31471,26,26,5.28%
3800,31432,443701,31022,439744,32708,433615,439020,31432,93587,31022,92429,32708,96388,94134,6505,81,8003,76,7947,81,79,76.40%,25524,80,24122,79,26517,77,78,19.99%,29752,27,28876,27,31471,27,27,5.35%
3900,31669,464327,31209,442929,32767,447516,451590,31669,100751,31209,93696,32767,100037,98161,6505,84,8500,76,7947,81,80,75.99%,25560,81,24391,80,26472,83,81,20.12%,30124,27,28985,80,31524,29,45,5.27%
4000,31820,464700,31438,468781,32874,475135,469538,31820,99082,31438,107504,32874,102471,103019,6506,85,8500,92,7947,126,101,76.11%,25684,81,24490,87,26366,86,84,20.39%,30437,27,29263,31,31699,30,29,4.95%
4100,31974,488624,31438,480946,32912,472203,480591,31974,100188,31438,100670,32912,105590,102149,6506,84,8500,94,7947,79,85,76.16%,25489,91,24490,83,26117,91,88,21.01%,30503,28,29263,28,31699,29,28,5.07%
4200,32168,495427,31438,482380,33115,484138,487315,32168,102823,31438,101957,33115,107341,104040,7007,90,8500,90,7947,97,92,75.73%,25590,88,23916,89,26078,86,87,21.88%,30681,30,29263,42,31666,29,33,5.31%
4300,32300,505364,31504,490375,33139,484919,493552,32300,109556,31504,104657,33139,104892,106368,5509,83,8503,81,7947,90,84,77.32%,26071,96,24091,86,25830,89,90,21.62%,30926,30,29243,35,31666,30,31,5.29%
4400,32340,506109,31766,505611,33139,506520,506080,32340,108269,31766,115532,33139,107639,110480,5509,97,9005,84,7947,85,88,76.88%,26195,92,24497,95,25418,95,94,21.73%,30926,32,29638,30,31666,30,30,5.17%
4500,32595,520120,31909,521876,33178,516787,519594,32595,109711,31909,116347,33178,112021,112693,5509,87,8508,97,7508,96,93,77.94%,26410,94,24667,93,25398,95,94,21.71%,31176,31,29722,32,31972,31,31,4.95%
4600,32632,537236,32015,534703,33393,549876,540605,32632,116110,32015,113705,33393,121289,117034,5509,103,8508,100,7508,91,98,78.02%,26301,95,24559,113,25879,95,101,21.73%,31176,32,29833,34,32148,33,33,5.00%
4700,32980,558506,32243,553695,33393,534300,548833,32980,118134,32243,125079,33393,122254,121822,5510,101,8508,196,7011,101,132,78.64%,26205,102,24633,101,25879,97,100,22.22%,31457,41,30121,34,32148,33,36,4.98%
4800,33109,554451,32441,557743,33487,547696,553296,33109,121000,32441,115330,33487,119885,118738,5510,109,8508,95,7011,121,108,78.73%,26205,101,24569,109,26075,99,103,22.42%,31628,34,30481,34,32221,34,34,4.77%
4900,33129,567443,32530,576239,33592,557235,566972,33129,119344,32530,118460,33592,121202,119668,5510,102,8508,95,7011,97,98,78.78%,26205,108,24571,127,26483,107,114,22.18%,31628,33,30644,39,32542,35,35,4.48%
5000,33129,584165,32674,575383,33719,565960,575169,33129,128354,32674,121162,33719,123120,124212,5510,110,8508,98,7512,104,104,78.35%,26205,104,24847,106,26493,104,104,22.09%,31628,36,30694,35,32720,35,35,4.52%
5100,33273,591494,32764,585604,33719,572770,583289,33273,131358,32764,123574,33719,122805,125912,5510,104,8508,94,7513,102,100,78.40%,25922,106,25036,110,26493,108,108,22.37%,31784,35,31021,34,32720,34,34,4.25%
5200,33273,597691,33115,602293,33719,610602,603528,33273,134224,33115,142048,33719,128199,134823,5510,109,8508,108,7513,108,108,78.49%,26030,112,25708,125,26627,112,116,21.72%,31784,36,31376,40,32720,37,37,4.23%
5300,33283,618458,33124,625717,33822,602415,615530,33283,134033,33124,139831,33822,128823,134229,5510,112,8509,103,7513,102,105,78.51%,26145,114,25666,122,26292,124,120,22.08%,31784,38,31376,46,32955,37,40,4.11%
5400,33380,627722,33280,627495,34026,619846,625021,33380,138345,33280,136811,34026,131488,135548,5510,119,8509,102,7513,103,108,78.62%,26145,110,25669,129,26082,123,120,22.63%,31825,37,31530,43,33109,38,39,4.20%
5500,33624,642936,33349,638264,34026,630063,637087,33624,134540,33349,141840,34026,134592,136990,5510,113,8509,106,7513,110,109,78.67%,26427,115,25840,121,25913,113,116,22.59%,32227,38,31733,39,33109,38,38,3.90%
5600,33822,658359,33349,644390,34145,654647,652465,33822,136300,33349,146047,34145,137250,139865,5510,111,8510,104,7513,112,109,78.73%,26084,126,25840,125,25922,117,122,23.16%,32602,38,31733,38,33266,38,38,3.68%
5700,33909,679475,33532,668393,34331,654109,667325,33909,142383,33532,148442,34331,140014,143613,5510,110,8510,106,7513,110,108,78.83%,26165,122,25892,129,25812,137,129,23.48%,32680,41,31928,39,33598,40,40,3.51%
5800,34036,678047,33612,668379,34331,672255,672893,34036,154171,33612,140999,34331,145637,146935,5510,105,8510,108,7513,117,110,78.87%,26616,119,25673,126,25953,127,124,23.27%,32823,46,31928,41,33598,42,43,3.57%
5900,34040,699023,33612,681135,34331,701710,693956,34040,150524,33612,146252,34331,146107,147627,5510,110,8510,114,7513,111,111,78.87%,26282,129,25673,124,25840,127,126,23.71%,32823,41,31928,40,33598,42,41,3.57%
6000,34063,722587,33780,711101,34331,702715,712134,34063,161200,33780,149907,34331,159711,156939,5510,114,9012,118,7513,128,120,78.42%,26282,129,25680,141,25590,133,134,24.09%,32823,43,32392,43,33598,44,43,3.29%
6100,34063,716823,33780,705517,34331,698054,706798,34063,157185,33780,151974,34331,155218,154792,5510,108,9012,110,7513,110,109,78.42%,26213,125,25680,220,25590,134,159,24.16%,32823,42,32392,43,33598,42,42,3.29%
6200,34063,724671,33849,725378,34436,729173,726407,34063,156027,33849,153352,34436,161607,156995,5510,119,9012,113,7513,108,113,78.46%,26128,127,25558,129,25525,125,127,24.56%,32823,42,32577,43,33731,47,44,3.15%
6300,34102,730074,33849,731998,34495,740241,734104,34102,156763,33849,156579,34495,161441,158261,5510,134,9012,129,7513,127,130,78.48%,25680,141,25311,131,25525,136,136,25.31%,32885,43,32577,48,33843,49,46,3.07%
6400,34270,738985,33860,741319,34497,754326,744876,34270,159307,33860,166127,34497,156133,160522,5510,121,9012,117,7513,121,119,78.51%,25869,140,25136,263,25437,136,179,25.51%,33257,43,32577,46,33843,43,44,2.88%
6500,34503,760487,34212,757960,34579,751536,756661,34503,165413,34212,165392,34579,159642,163482,5510,129,9012,127,8514,116,124,77.69%,26131,143,25198,134,25437,146,141,25.68%,33516,44,33321,44,33997,44,44,2.38%
6600,34624,780803,34233,755326,34579,751753,762627,34624,171451,34233,166822,34579,171137,169803,5510,124,9012,116,8514,129,123,77.71%,26228,138,25454,144,25437,140,140,25.44%,33765,46,33382,45,33997,50,47,2.22%
6700,34668,785556,34475,784673,34689,776413,782214,34668,176857,34475,166628,34689,172961,172148,5510,121,9012,122,8514,121,121,77.81%,26033,147,25557,152,25545,147,148,25.71%,33772,46,33821,47,34241,79,57,1.92%
6800,34730,793534,34526,810758,34689,803109,802467,34730,168208,34526,174908,34689,176071,173062,5510,129,9012,129,8514,124,127,77.83%,26110,143,25557,177,25579,156,158,25.69%,33893,47,34000,49,34241,46,47,1.74%
6900,34805,794002,34783,791581,34689,792890,792824,34805,169695,34783,176226,34689,169630,171850,5510,116,9012,375,8514,121,204,77.91%,26329,142,25811,178,25256,144,154,25.78%,33912,56,34365,129,34241,57,80,1.69%
7000,35111,823135,34872,804142,34718,808516,811931,35111,181572,34872,173022,34718,175013,176535,6011,123,8013,120,7515,145,129,79.42%,26130,149,25854,150,25564,147,148,25.94%,34429,49,34491,47,34530,49,48,1.19%
7100,35305,819627,34872,824506,34718,833083,825738,35305,184176,34872,172782,34718,182331,179763,7001,122,8013,123,7515,126,123,78.52%,26441,155,25854,154,25564,147,152,25.78%,34928,48,34491,48,34530,53,49,0.90%
7200,35305,831256,34975,826625,34899,827965,828615,35305,179235,34975,184175,34899,175011,179473,7001,121,7014,120,7515,122,121,79.53%,26441,149,25955,145,25946,155,149,25.52%,34928,49,34729,54,34757,48,50,0.73%
7300,35305,841609,35046,863815,34899,845207,850210,35305,182841,35046,191619,34899,180718,185059,7001,139,7014,132,7515,141,137,79.54%,26441,161,25955,151,25773,168,160,25.73%,34928,50,34729,49,34757,50,49,0.79%
7400,35305,865560,35079,853097,34899,855448,858035,35305,181984,35079,186001,34899,192258,186747,7001,133,7014,136,7515,126,131,79.55%,26441,152,25955,155,25858,156,154,25.67%,34928,49,34729,51,34757,55,51,0.82%
7500,35380,868132,35079,872333,34969,860085,866850,35380,185872,35079,196810,34969,180767,187816,7001,124,7014,130,7515,138,130,79.58%,26879,154,25731,161,25790,166,160,25.64%,35033,49,34729,56,34848,51,52,0.77%
7600,35455,877657,35079,882290,35004,878414,879453,35455,196498,35079,184559,35004,190059,190372,7001,150,7014,134,7515,156,146,79.60%,26879,189,25817,158,26041,161,169,25.40%,35230,63,34729,51,34874,51,55,0.67%
7700,35654,897272,35204,889239,35004,908367,898292,35654,186151,35204,191010,35004,198736,191965,7001,132,7014,139,7515,130,133,79.66%,26962,170,26153,165,26041,162,165,25.23%,35312,51,34729,51,34874,53,51,0.89%
7800,35920,899729,35330,919958,35234,902866,907517,35920,199850,35330,204203,35234,194655,199569,7001,140,7014,136,7515,147,141,79.78%,27062,163,26404,163,26359,160,162,25.04%,35808,57,34763,52,35169,52,53,0.70%
7900,35977,924913,35378,907427,35234,921822,918054,35977,207177,35378,205135,35234,204727,205679,7001,241,7014,142,7515,130,171,79.80%,27049,312,26404,166,26359,170,216,25.12%,35808,75,34763,54,35169,52,60,0.80%
8000,35977,932769,35378,931155,35329,932410,932111,35977,198462,35378,205737,35329,195386,199861,7001,133,7014,141,7515,136,136,79.81%,27049,176,26239,165,26172,163,168,25.52%,35808,54,34763,52,35169,52,52,0.89%
8100,36008,945002,35512,940765,35392,942035,942600,36008,220016,35512,199103,35392,208796,209305,7001,128,7014,131,7515,142,133,79.86%,27073,174,26676,169,26518,166,169,24.92%,35808,53,35234,54,35169,54,53,0.66%
8200,36147,949898,35756,946976,35392,960260,952378,36147,204074,35756,214744,35392,200645,206487,7001,130,7014,142,7515,142,138,79.93%,27063,238,26998,172,26500,169,193,24.92%,35808,64,35300,58,35169,54,58,0.95%
8300,36147,962395,35792,963795,35406,957348,961179,36147,214098,35792,204739,35406,214140,210992,7001,134,7014,150,7515,141,141,79.94%,27063,180,26904,186,26500,187,184,25.04%,35808,55,35300,61,35169,139,85,0.99%
8400,36498,990561,35811,981434,35479,974971,982322,36498,210968,35811,219674,35479,207202,212614,7001,144,7014,135,7515,137,138,80.02%,27461,175,26904,174,26500,172,173,24.98%,35845,56,35300,61,35169,62,59,1.36%
8500,36651,995085,35811,995801,35492,997766,996217,36651,227976,35811,216447,35492,222533,222318,7001,140,7014,138,7515,138,138,80.05%,27946,189,26646,176,26500,182,182,24.89%,35887,57,35300,59,35169,56,57,1.47%
8600,36651,996678,35811,1018093,35492,1000586,1005119,36651,214074,35811,227355,35492,217773,219734,7001,160,7014,142,7515,167,156,80.05%,27892,186,26646,188,26500,184,186,24.94%,35887,58,35300,58,35169,59,58,1.47%
8700,36679,1024275,35811,998403,35504,1028889,1017189,36679,212220,35811,217958,35504,224198,218125,7001,140,7014,159,7515,150,149,80.05%,27857,188,26555,180,26698,185,184,24.90%,35887,58,35300,57,35169,63,59,1.51%
8800,36785,1016221,35943,1030021,35504,1014679,1020307,36785,221240,35943,226985,35504,225506,224577,7001,157,7014,137,7515,137,143,80.10%,27846,190,26870,182,26421,185,185,25.04%,35908,58,35336,57,35169,57,57,1.67%
8900,36814,1027912,35974,1022885,35535,1038391,1029729,36814,219513,35974,228900,35535,221678,223363,7001,140,7014,157,7515,149,148,80.11%,27846,190,27108,189,26421,185,188,24.88%,35908,59,35336,60,35169,58,59,1.75%
9000,36858,1044264,35974,1035454,35642,1057148,1045622,36858,232119,35974,225696,35642,230663,229492,7001,143,7014,162,7515,150,151,80.14%,27945,193,27108,197,26499,181,190,24.83%,35908,60,35336,61,35169,58,59,1.89%
9100,36880,1064980,36032,1056512,35822,1044600,1055364,36880,221291,36032,233656,35822,238842,231263,7001,160,7014,147,7515,144,150,80.19%,27945,199,26930,208,26477,189,198,25.19%,35908,62,35336,62,35271,60,61,2.04%
9200,37076,1068949,36044,1061445,35828,1061704,1064032,37076,224525,36044,238917,35828,224636,229359,7010,148,7014,152,7515,151,150,80.22%,27920,187,26798,192,26365,195,191,25.59%,35941,60,35336,61,35271,62,61,2.19%
9300,37076,1089110,36083,1060560,35908,1095059,1081576,37076,239964,36083,232197,35908,240691,237617,7010,174,7014,171,7515,159,168,80.24%,27920,201,27074,210,26365,196,202,25.41%,35941,61,35336,66,35271,63,63,2.30%
9400,37098,1097176,36083,1103299,36073,1094574,1098349,37098,236884,36083,242529,36073,241555,240322,7010,177,7014,153,7515,148,159,80.28%,27953,202,27074,198,26632,198,199,25.26%,35941,67,35336,62,35326,68,65,2.42%
9500,37167,1119233,36263,1093369,36163,1100379,1104327,37167,235862,36263,246546,36163,240584,240997,6513,149,7014,147,7515,250,182,80.78%,27697,198,27185,195,26570,283,225,25.68%,35941,63,35359,63,35326,86,70,2.70%
9600,37167,1141480,36263,1121783,36286,1118198,1127153,37167,236712,36263,251150,36286,240009,242623,6513,154,7014,158,7515,168,160,80.81%,27492,202,27185,204,26931,205,203,25.62%,35941,65,35359,64,35351,66,65,2.79%
9700,37167,1140294,36305,1126116,36341,1143575,1136661,37167,255311,36305,242958,36341,251085,249784,6513,171,7014,159,7515,148,159,80.83%,27394,215,27439,204,26893,219,212,25.57%,35941,64,35359,63,35351,66,64,2.88%
9800,37231,1152003,36512,1143141,36534,1143252,1146132,37231,246066,36512,264254,36534,257781,256033,6513,166,7014,156,7515,160,160,80.91%,27394,212,27332,216,26893,206,211,25.98%,35941,65,35491,69,35442,65,66,3.08%
9900,37231,1169290,36565,1186564,36699,1162472,1172775,37231,248232,36565,260916,36699,244627,251258,6513,178,7014,154,7515,191,174,80.95%,27662,217,27569,213,26914,218,216,25.66%,35941,71,35491,66,35442,68,68,3.28%
10000,37245,1182293,36565,1158256,36699,1155258,1165269,37245,257754,36565,259725,36699,252287,256588,6513,166,7014,160,7515,178,168,80.95%,27451,214,27440,208,26914,219,213,25.97%,35941,67,35491,72,35442,68,69,3.29%
10100,37247,1193463,36669,1167110,36913,1173228,1177933,37247,260088,36669,260697,36913,248855,256546,6513,161,7014,163,7515,157,160,81.01%,27551,212,27601,211,26870,218,213,25.99%,35941,67,35473,68,35613,67,67,3.43%
10200,37339,1206768,36799,1179317,36949,1197867,1194650,37339,264515,36799,251708,36949,264197,260140,6513,163,7014,177,7515,156,165,81.05%,27389,211,27774,212,26805,233,218,26.21%,35972,67,35559,71,35613,70,69,3.55%
10300,37345,1206084,36799,1199330,37077,1209715,1205043,37345,270836,36799,258939,37077,268192,265989,6513,173,7014,186,7515,159,172,81.08%,27315,219,27774,216,26775,213,216,26.39%,35972,133,35559,75,35599,66,91,3.68%
10400,37363,1222005,36799,1216361,37168,1209107,1215824,37363,269757,36799,257273,37168,273519,266849,6513,164,7014,159,7515,165,162,81.10%,27142,222,27774,222,27054,225,223,26.36%,35972,68,35559,68,35891,69,68,3.51%
10500,37415,1227013,36799,1241423,37380,1209375,1225937,37415,265104,36799,287245,37380,271403,274584,6513,184,7014,175,7515,164,174,81.14%,27142,220,27774,229,27584,224,224,26.06%,35972,69,35559,71,36015,70,70,3.63%
10600,37442,1242075,36871,1250479,37380,1244355,1245636,37442,267431,36871,275415,37380,275814,272886,6513,177,7014,163,7515,177,172,81.16%,27009,225,27774,227,27387,233,228,26.42%,35972,69,35559,69,36015,72,70,3.71%
10700,37522,1257726,37013,1247278,37467,1256683,1253895,37522,271910,37013,276598,37467,280631,276379,6513,194,7014,168,7515,173,178,81.21%,26836,239,28265,228,27235,225,230,26.47%,35972,80,35688,72,36015,71,74,3.86%
10800,37685,1263398,37111,1265415,37532,1263629,1264147,37685,268561,37111,285304,37532,303939,285934,6513,196,7014,289,7515,174,219,81.26%,26882,229,28528,220,27400,240,229,26.26%,35984,76,35767,69,36015,74,73,4.06%
10900,37930,1307035,37111,1289000,37586,1293336,1296457,37930,274643,37111,288141,37586,283650,282144,6513,184,7014,170,7515,170,174,81.31%,27237,238,28528,241,27400,232,237,26.14%,36375,73,35767,74,36015,71,72,3.97%
11000,38043,1300385,37228,1337156,37586,1343625,1327055,38043,281692,37228,293272,37586,286823,287262,6513,197,7014,178,7515,177,184,81.35%,27483,236,28602,249,27348,250,245,26.06%,36329,79,36085,77,36015,75,77,3.92%
11100,38047,1355979,37228,1307336,37648,1308507,1323940,38047,282475,37228,290648,37648,286581,286568,6513,186,7014,174,7515,174,178,81.36%,27483,248,28602,238,27410,232,239,26.04%,36329,75,36085,75,36015,74,74,3.97%
11200,38155,1333170,37228,1379633,37648,1359744,1357515,38155,285877,37228,353771,37648,296407,312018,6513,192,7014,191,7515,180,187,81.38%,27826,238,28331,247,27410,247,244,26.05%,36539,78,36085,77,36015,77,77,3.88%
11300,38217,1345598,37443,1322676,37905,1310097,1326123,38217,285488,37443,292143,37905,295585,291072,6513,189,7014,168,7515,169,175,81.47%,27826,235,28405,232,27936,233,233,25.88%,36539,77,36085,76,36042,74,75,4.31%
11400,38217,1342841,37510,1342644,37905,1339089,1341524,38217,289538,37510,301375,37905,301947,297620,6513,186,7014,194,7515,177,185,81.48%,27826,242,28389,242,27936,253,245,25.94%,36539,75,36085,75,36042,78,76,4.37%
11500,38217,1376448,37585,1355716,37943,1390538,1374234,38217,301381,37585,297915,37943,312272,303856,6513,184,7014,202,7515,178,188,81.50%,27826,246,28410,253,27765,251,250,26.14%,36539,82,36085,79,36042,82,81,4.46%
11600,38349,1409147,37595,1373563,37943,1411716,1398142,38349,316034,37595,304600,37943,337273,319302,6513,180,7014,197,7515,186,187,81.52%,27826,247,28153,250,27765,244,247,26.46%,36666,82,36085,77,36042,77,78,4.47%
11700,38416,1389547,37595,1369323,37994,1366967,1375279,38416,304978,37595,320430,37994,308105,311171,6513,423,7014,172,7515,199,264,81.54%,28093,250,27994,249,27765,246,248,26.44%,36701,77,36085,77,36042,76,76,4.54%
11800,38477,1420354,37648,1375969,38112,1389991,1395438,38477,318115,37648,323720,38112,302676,314837,6513,176,7014,174,7515,202,184,81.57%,28376,265,27994,247,27744,255,255,26.37%,36701,79,36085,80,36498,79,79,4.33%
11900,38477,1428414,37648,1377580,38112,1388841,1398278,38477,318260,37648,322851,38112,324808,321973,6513,184,7014,178,7515,180,180,81.57%,28376,257,27994,265,27744,252,258,26.37%,36701,78,36085,79,36498,82,79,4.33%
12000,38553,1440683,37648,1417179,38309,1393416,1417092,38553,315646,37648,325642,38309,324469,321919,6513,192,7014,175,7515,181,182,81.62%,28790,255,28051,252,28209,248,251,25.73%,36640,78,36085,80,36497,83,80,4.61%
12100,38553,1441199,37830,1439328,38375,1427561,1436029,38553,312074,37830,312465,38375,309761,311433,6513,196,7014,194,7515,177,189,81.66%,28790,259,28703,252,28209,255,255,25.31%,36640,81,36241,79,36497,79,79,4.69%
12200,38680,1431399,37865,1445746,38375,1460447,1445864,38680,336510,37865,317729,38375,322974,325737,6513,207,7014,203,7515,319,243,81.69%,29085,255,28703,260,28209,260,258,25.16%,36734,79,36241,85,36497,79,81,4.74%
12300,38726,1472222,37889,1430328,38375,1469885,1457478,38726,309765,37889,337258,38375,321821,322948,6513,181,7014,202,7515,202,195,81.70%,29126,294,28833,254,28000,264,270,25.24%,36734,83,36241,81,36497,81,81,4.80%
12400,38726,1473231,38050,1477116,38375,1466762,1472369,38726,324359,38050,339445,38375,349357,337720,6513,207,7014,210,7515,197,204,81.72%,28955,261,28878,269,28000,270,266,25.46%,36734,82,36284,83,36497,83,82,4.89%
12500,38726,1459962,38117,1491555,38375,1507095,1486204,38726,335470,38117,347390,38375,346321,343060,6513,201,7014,206,7515,213,206,81.73%,28731,278,29106,265,27703,282,275,25.75%,36734,82,36284,84,36497,84,83,4.95%
12600,38726,1518719,38117,1482753,38515,1504046,1501839,38726,347291,38117,354430,38515,323103,341608,6513,207,7014,205,7515,209,207,81.76%,28731,313,29106,276,27716,262,283,25.83%,36734,84,36284,84,36487,82,83,5.07%
12700,38726,1515946,38117,1498538,38642,1503437,1505973,38726,325887,38117,359345,38642,354642,346624,6513,183,7014,209,7515,210,200,81.78%,28731,269,29106,270,27851,266,268,25.79%,36734,83,36284,84,36783,83,83,4.92%
12800,38752,1527937,38140,1534644,38779,1520120,1527567,38752,335453,38140,366661,38779,354218,352110,6513,219,7014,207,7515,204,210,81.81%,28731,266,28806,271,27851,271,269,26.17%,36734,89,36284,84,36931,84,85,4.95%
12900,38752,1547424,38140,1551811,38779,1532444,1543893,38752,359401,38140,350159,38779,335012,348190,6513,205,7014,201,7515,210,205,81.81%,28731,273,28546,313,27851,267,284,26.40%,36734,85,36284,88,36931,84,85,4.95%
13000,38752,1557625,38140,1557673,38779,1536025,1550441,38752,348496,38140,364837,38779,358558,357297,6513,204,7014,205,7515,212,207,81.81%,28731,278,28546,265,27749,263,268,26.49%,36734,87,36284,85,36931,85,85,4.95%
13100,38752,1568395,38215,1539116,38915,1552601,1553370,38752,371014,38215,343716,38915,364433,359721,6513,210,7014,210,7515,208,209,81.84%,28731,268,28684,265,28058,268,267,26.23%,36734,90,36284,87,36989,87,88,5.07%
13200,38776,1579292,38215,1600195,38915,1575865,1585117,38776,364263,38215,366162,38915,364194,364873,6513,206,7014,210,7515,205,207,81.85%,28786,265,28684,290,28058,416,323,26.20%,36734,93,36284,89,36989,90,90,5.09%
13300,38776,1594748,38215,1585837,39038,1601981,1594188,38776,346879,38215,370257,39038,369247,362127,6513,195,7014,215,7515,222,210,81.87%,28888,275,28366,283,28184,278,278,26.36%,36734,93,36284,86,37056,104,94,5.13%
13400,38871,1604198,38215,1585708,39118,1595214,1595040,38871,359721,38215,368429,39118,354089,360746,6513,201,7014,209,7515,208,206,81.89%,29197,293,28474,284,28431,278,285,25.90%,36787,87,36284,88,37068,87,87,5.22%
13500,38885,1651122,38316,1615204,39212,1602308,1622878,38885,356866,38316,386792,39212,373182,372280,6513,217,7014,211,7515,201,209,81.93%,29197,289,28923,281,28748,276,282,25.37%,36787,88,36261,92,37094,86,88,5.39%
13600,38885,1626675,38316,1615431,39212,1582903,1608336,38885,373067,38316,377454,39212,357026,369182,6513,205,7014,213,7515,213,210,81.93%,29197,283,28881,285,28812,280,282,25.35%,36787,88,36261,89,37094,95,90,5.39%
13700,38885,1632100,38316,1602365,39213,1634806,1623090,38885,380506,38316,383026,39213,377436,380322,6513,220,7014,224,7515,205,216,81.93%,29197,290,28547,291,28812,279,286,25.64%,36787,92,36261,91,37094,87,90,5.39%
13800,38890,1642952,38501,1623190,39213,1637452,1634531,38890,381773,38501,375939,39213,361275,372995,6513,205,7014,204,7515,213,207,81.96%,28926,290,28757,283,28812,282,285,25.82%,36787,89,36364,88,37094,88,88,5.45%
13900,38890,1655504,38501,1648309,39308,1657965,1653926,38890,363747,38501,385191,39308,384137,377691,6513,229,7014,223,7515,237,229,81.97%,28835,292,28691,280,28812,293,288,26.01%,36787,93,36364,94,37193,99,95,5.45%
14000,38890,1648791,38518,1664917,39448,1665697,1659801,38890,380359,38518,377150,39448,370990,376166,6513,222,7014,223,7515,235,226,82.00%,28835,285,28691,284,29211,287,285,25.77%,36787,102,36364,96,37321,91,96,5.46%
14100,38896,1660861,38518,1682431,39448,1671278,1671523,38896,379400,38518,395694,39448,393421,389505,6513,218,7014,231,7515,219,222,82.00%,28835,291,28356,292,29211,301,294,26.07%,36787,91,36364,97,37321,91,93,5.47%
14200,38896,1688357,38559,1691107,39448,1696912,1692125,38896,394196,38559,398219,39448,395024,395813,6513,231,7014,210,7515,220,220,82.00%,28833,317,28134,289,29211,294,300,26.29%,36787,98,36364,92,37321,96,95,5.50%
14300,38896,1720218,38559,1682226,39448,1703773,1702072,38896,399396,38559,380336,39448,401642,393791,6513,216,7014,215,7515,219,216,82.00%,28788,295,28134,297,29080,291,294,26.44%,36787,93,36364,96,37321,94,94,5.50%
14400,38896,1714714,38559,1709889,39479,1716939,1713847,38896,379491,38559,399196,39479,382464,387050,6513,224,7014,223,7515,278,241,82.01%,28746,289,28134,297,28806,299,295,26.72%,36787,101,36364,268,37321,98,155,5.53%
14500,38896,1718358,38675,1721325,39479,1702019,1713900,38896,405385,38675,407659,39479,399008,404017,6513,233,7014,219,7515,222,224,82.03%,28665,338,28211,304,28806,296,312,26.80%,36787,97,36733,95,37321,94,95,5.30%
14600,38963,1724373,38675,1739712,39479,1723086,1729057,38963,384660,38675,417800,39479,408704,403721,6513,236,7014,222,7515,243,233,82.04%,28699,320,28211,302,28914,313,311,26.72%,37194,98,36733,95,37321,96,96,5.01%
14700,38963,1759749,38772,1744801,39619,1763408,1755986,38963,407557,38772,417691,39619,400031,408426,6513,267,7014,249,7515,228,248,82.08%,28636,314,28394,438,28914,307,353,26.76%,37194,97,36782,98,37353,95,96,5.13%
14800,39039,1757304,38787,1787870,39619,1751478,1765550,39039,414947,38787,419072,39619,412956,415658,6513,221,7014,227,7515,222,223,82.09%,28636,302,28248,306,28914,300,302,26.95%,37276,96,36782,96,37353,99,97,5.13%
14900,39182,1786976,38787,1781589,39634,1799241,1789268,39182,407765,38787,398018,39634,420440,408741,6513,226,7014,233,7515,228,229,82.11%,29265,320,28106,301,28914,303,308,26.63%,37383,99,36782,104,37353,95,99,5.17%
15000,39182,1788902,38787,1789514,39722,1795203,1791206,39182,397808,38787,421381,39722,415043,411410,6513,230,7014,236,7515,258,241,82.13%,29265,297,28106,316,28951,306,306,26.65%,37383,99,36782,99,37402,103,100,5.20%
15100,39182,1814205,38873,1797779,39722,1822236,1811406,39182,424408,38873,424973,39722,433952,427777,6513,232,7014,236,7515,221,229,82.14%,29385,309,28106,339,28951,321,323,26.61%,37383,98,36808,106,37402,103,102,5.25%
15200,39182,1856183,39034,1831150,39811,1829455,1838929,39182,409958,39034,424486,39811,427975,420806,6513,445,7014,234,7515,440,373,82.18%,29274,359,28106,319,28910,321,333,26.89%,37383,99,36819,99,37551,102,100,5.31%
15300,39235,1868295,39206,1812518,39855,1831421,1837411,39235,420671,39206,418405,39855,408390,415822,6513,219,7014,235,7515,230,228,82.22%,29030,311,28343,303,28910,312,308,27.06%,37383,96,36850,100,37551,99,98,5.50%
15400,39318,1852157,39206,1834394,39855,1854831,1847127,39318,410227,39206,434804,39855,435382,426804,6513,239,7014,233,7515,245,239,82.23%,29115,317,28343,313,28910,310,313,27.04%,37378,99,36850,100,37551,102,100,5.57%
15500,39326,1865435,39329,1851610,39915,1836946,1851330,39326,418123,39329,441759,39915,428364,429415,6513,240,7014,232,7515,240,237,82.26%,29019,310,28418,321,28933,316,315,27.16%,37378,109,36977,101,37630,100,103,5.55%
15600,39405,1875960,39350,1861848,39915,1875569,1871125,39405,418142,39350,441698,39915,449638,436492,6513,229,7014,246,7515,244,239,82.27%,28972,311,28461,323,28933,363,332,27.22%,37447,98,36977,102,37630,107,102,5.57%
15700,39490,1882218,39350,1898640,39915,1879413,1886757,39490,445369,39350,443936,39915,439115,442806,6513,236,7014,235,7515,249,240,82.29%,29032,316,28433,313,28632,391,340,27.50%,37472,101,36977,103,37630,117,107,5.62%
15800,39498,1903535,39350,1902436,39952,1892420,1899463,39498,443778,39350,446193,39952,437556,442509,6513,238,7014,239,7515,236,237,82.29%,29353,325,28693,326,28715,318,323,26.96%,37472,103,36977,102,37630,109,104,5.66%
15900,39530,1904440,39364,1922447,39952,1888635,1905174,39530,446901,39364,454375,39952,440346,447207,6513,246,7014,234,7515,240,240,82.30%,29387,349,28693,342,28715,327,339,26.96%,37472,108,36977,105,37630,102,105,5.69%
16000,39530,1918728,39394,1918997,40042,1913031,1916918,39530,458542,39394,441253,40042,450604,450133,6513,241,7014,246,7515,243,243,82.32%,29170,335,28809,334,28970,326,331,26.91%,37472,106,36977,108,37982,103,105,5.50%
16100,39554,1941753,39458,1910434,40083,1911705,1921297,39554,465145,39458,448864,40083,455814,456607,6513,221,7014,218,7515,221,220,82.34%,29232,331,28809,333,28970,328,330,26.94%,37472,106,37101,104,37982,110,106,5.49%
16200,39554,1951619,39458,1903804,40083,1967933,1941118,39554,451090,39458,442044,40083,447577,446903,6513,226,7014,222,7515,216,221,82.34%,29232,332,28633,328,28970,337,332,27.09%,37472,111,37101,105,37982,104,106,5.49%
16300,39554,1917005,39458,1925229,40083,1956626,1932953,39554,453047,39458,436709,40083,466240,451998,6513,222,7014,252,7515,241,238,82.34%,29357,332,28633,342,28970,348,340,26.98%,37472,105,37101,105,37982,111,107,5.49%
16400,39596,1945962,39458,1954357,40120,1961053,1953790,39596,431588,39458,463030,40120,459495,451371,6513,275,7014,252,7515,251,259,82.35%,29357,335,28633,330,28970,342,335,27.03%,37472,106,37101,106,37982,112,108,5.56%
16500,39596,1970796,39458,2001074,40323,1957878,1976582,39596,441478,39458,470976,40323,447002,453152,6513,239,7014,241,7515,265,248,82.38%,29357,373,28633,336,28970,337,348,27.15%,37472,136,37101,107,38108,112,118,5.61%
16600,39691,2004493,39540,1964353,40323,1968309,1979051,39691,463211,39540,455343,40323,473125,463893,6513,236,7014,218,7515,481,311,82.40%,29341,352,28639,331,28970,572,418,27.27%,37458,111,37475,105,38108,164,126,5.45%
16700,39691,1998497,39540,1975821,40323,1992571,1988963,39691,466853,39540,471297,40323,470431,469527,6513,220,7014,224,7515,242,228,82.40%,29398,356,28639,347,28970,333,345,27.22%,37458,110,37475,112,38108,108,110,5.45%
16800,39691,2038517,39540,1990431,40323,2037126,2022024,39691,475824,39540,475149,40323,475347,475440,6513,288,7014,245,7515,225,252,82.40%,29398,358,28639,349,28970,333,346,27.22%,37458,112,37475,114,38108,105,110,5.45%
16900,39765,2041403,39559,2005243,40323,2012072,2019572,39765,480105,39559,470588,40323,473873,474855,6513,245,7014,340,7515,221,268,82.42%,29713,353,28639,355,28970,345,351,27.01%,37873,116,37475,112,38108,111,113,5.17%
17000,39856,2052353,39660,2011815,40323,2052393,2038853,39856,479445,39660,478859,40323,476854,478386,6513,248,7014,251,7515,247,248,82.45%,29681,337,29189,348,28674,341,342,26.94%,37908,107,37516,109,38108,113,109,5.26%
17100,39856,2067595,39660,2049878,40400,2062788,2060087,39856,484104,39660,477617,40400,480593,480771,6513,261,7014,359,7515,256,292,82.46%,29540,353,29189,407,28674,343,367,27.10%,37908,117,37516,111,38134,110,112,5.30%
17200,39856,2057612,39675,2051334,40400,2072921,2060622,39856,459742,39675,477841,40400,488482,475355,6513,393,7014,249,7515,254,298,82.46%,29648,379,28948,361,28674,351,363,27.22%,37908,176,37516,112,38134,114,134,5.31%
17300,39856,2100688,39797,2082528,40400,2032381,2071865,39856,453052,39797,489594,40400,493384,478676,6513,259,7014,253,7515,250,254,82.48%,29648,351,29237,364,28114,350,355,27.52%,37908,111,37659,111,38134,111,111,5.29%
17400,39880,2087070,39822,2076052,40400,2064590,2075904,39880,471218,39822,484532,40400,491182,482310,6513,287,7014,256,7515,256,266,82.48%,29745,359,29103,350,28114,357,355,27.58%,37908,126,37659,112,38134,119,119,5.33%
17500,39880,2098836,39873,2112137,40419,2089581,2100184,39880,490965,39873,485007,40419,502431,492801,6513,255,7014,249,7515,256,253,82.49%,29910,353,29103,353,28060,352,352,27.53%,37908,121,37659,120,38134,120,120,5.38%
17600,39880,2161555,39873,2149242,40537,2127883,2146226,39880,507823,39873,502521,40537,505622,505322,6513,297,7014,263,7515,269,276,82.51%,29910,362,29103,355,28507,355,357,27.23%,37908,117,37659,120,38169,113,116,5.45%
17700,39890,2139536,39873,2142851,40564,2132499,2138295,39890,501837,39873,485962,40564,499193,495664,6513,279,7014,265,7515,262,268,82.52%,29910,397,28985,360,28955,356,371,26.98%,37908,116,37659,114,38169,115,115,5.48%
17800,39890,2128223,39873,2179553,40686,2159011,2155595,39890,474672,39873,510287,40686,509241,498066,6513,271,7014,378,7515,277,308,82.54%,30047,366,28947,361,28986,369,365,26.94%,37908,128,37659,125,38169,114,122,5.57%
17900,39890,2154210,39935,2178960,40686,2142888,2158686,39890,492681,39935,505156,40686,509863,502566,6513,293,7014,229,7515,279,267,82.55%,29965,360,28947,365,28986,383,369,27.05%,37908,116,37698,125,38169,114,118,5.59%
18000,39890,2197564,39935,2143242,40686,2147009,2162605,39890,493775,39935,511873,40686,513198,506282,6513,225,7014,244,7515,261,243,82.55%,29965,353,28947,372,28986,366,363,27.05%,37908,117,37698,118,38169,115,116,5.59%
18100,39985,2195318,39935,2206676,40686,2204329,2202107,39985,468129,39935,526912,40686,520714,505251,6513,279,7014,261,7515,299,279,82.56%,29965,379,28947,363,28763,541,427,27.29%,37938,116,37698,119,38169,170,135,5.64%
18200,39985,2192988,39948,2186741,40686,2174741,2184823,39985,499614,39948,502259,40686,511834,504569,6513,240,7014,245,7515,234,239,82.56%,29965,372,29146,363,28763,361,365,27.13%,37938,120,37698,117,38169,130,122,5.65%
18300,39985,2208868,39948,2197950,40686,2205280,2204032,39985,527408,39948,500073,40686,491881,506454,6513,369,7014,263,7515,287,306,82.56%,29824,391,29146,377,28763,385,384,27.25%,37938,119,37698,120,38169,128,122,5.65%
18400,39985,2234452,39948,2199499,40686,2257838,2230596,39985,500718,39948,527569,40686,517564,515283,6513,275,7014,298,7515,266,279,82.56%,29824,363,29146,376,28763,365,368,27.25%,37938,118,37698,125,38169,122,121,5.65%
18500,40100,2255938,39948,2250446,40686,2245288,2250557,40100,504061,39948,501327,40686,534486,513291,6513,272,7014,266,7515,289,275,82.58%,29853,376,29125,375,28763,392,381,27.32%,37938,119,37698,121,38169,135,125,5.74%
18600,40100,2281487,39948,2225197,40686,2228018,2244900,40100,516596,39948,503515,40686,529903,516671,6513,288,7014,280,7515,293,287,82.58%,29853,393,28974,372,28763,392,385,27.44%,37938,128,37698,120,38169,127,125,5.74%
18700,40100,2248247,39948,2243574,40688,2284400,2258740,40100,499823,39948,520271,40688,516840,512311,6513,300,7014,274,7515,260,278,82.58%,29853,427,28974,372,28763,385,394,27.44%,37938,120,37698,120,38169,126,122,5.74%
18800,40203,2287561,39948,2212295,40688,2293810,2264555,40203,541066,39948,530993,40688,534485,535514,6513,291,7014,274,7515,297,287,82.59%,29878,398,28974,389,28763,403,396,27.49%,38286,129,37698,128,38169,133,130,5.53%
18900,40203,2250496,39967,2312501,40688,2259914,2274303,40203,501377,39967,540606,40688,534892,525625,6513,274,7014,276,7515,305,285,82.59%,29878,382,28974,390,28763,383,385,27.50%,38286,128,37698,123,38169,125,125,5.55%
19000,40203,2306453,39967,2251994,40688,2294585,2284344,40203,546796,39967,548000,40688,546977,547257,6513,304,7014,250,7515,277,277,82.59%,29878,406,28974,379,28763,388,391,27.50%,38286,135,37698,136,38169,122,131,5.55%
19100,40203,2315890,40015,2331623,40775,2344849,2330787,40203,505153,40015,527529,40775,553556,528746,6513,282,7014,304,7515,287,291,82.61%,29746,383,29125,390,28917,423,398,27.44%,38286,125,37698,126,38258,156,135,5.58%
19200,40278,2323008,40064,2311228,40775,2333777,2322671,40278,548727,40064,551850,40775,551564,550713,6513,257,7014,294,7515,292,281,82.63%,29912,379,29125,408,28756,389,392,27.51%,38344,122,37792,135,38258,126,127,5.55%
19300,40278,2334748,40156,2334820,40836,2325982,2331850,40278,521130,40156,542497,40836,538092,533906,6513,358,7014,356,7515,295,336,82.65%,29912,404,29387,392,28994,380,392,27.18%,38344,137,37838,137,38570,124,132,5.37%
19400,40278,2370154,40156,2336017,40836,2344546,2350239,40278,541240,40156,536526,40836,540254,539340,6513,297,7014,257,7515,291,281,82.65%,29912,406,29407,414,28994,390,403,27.17%,38344,133,37838,147,38570,128,136,5.37%
19500,40278,2339999,40272,2353510,40836,2358779,2350762,40278,534286,40272,541782,40836,564001,546689,6513,290,7014,299,7515,251,280,82.67%,29912,396,29184,417,28994,385,399,27.42%,38344,131,37870,137,38570,125,131,5.44%
19600,40278,2378088,40272,2358450,40836,2350688,2362408,40278,545536,40272,549979,40836,548983,548166,6513,271,7014,725,7515,308,434,82.67%,29912,392,29184,638,28994,478,502,27.42%,38344,125,37870,185,38570,135,148,5.44%
19700,40278,2377818,40272,2431646,40836,2348543,2386002,40278,518537,40272,561108,40836,543121,540922,6513,280,7014,272,7515,304,285,82.67%,29912,378,29184,418,28994,411,402,27.42%,38344,123,37870,132,38570,134,129,5.44%
19800,40310,2405644,40272,2388683,40836,2414583,2402970,40310,565454,40272,561411,40836,546431,557765,6513,322,7014,314,7515,281,305,82.67%,29912,417,29184,441,28994,388,415,27.44%,38344,134,37870,146,38570,130,136,5.46%
19900,40310,2422013,40272,2392397,40836,2414049,2409486,40310,562693,40272,564205,40836,554664,560520,6513,244,7014,258,7515,310,270,82.67%,29912,385,29106,396,28994,447,409,27.51%,38344,129,37870,137,38570,147,137,5.46%
20000,40312,2390384,40272,2413097,40836,2386566,2396682,40312,548276,40272,569265,40836,567874,561805,6513,306,7014,273,7515,251,276,82.67%,29912,385,29106,394,28978,400,393,27.52%,38344,128,37870,128,38570,128,128,5.47%
20100,40312,2457712,40272,2417126,40836,2425155,2433331,40312,571612,40272,574062,40836,586515,577396,6513,313,7014,292,7515,314,306,82.67%,29912,430,29106,401,28983,435,422,27.52%,38344,131,37870,151,38570,137,139,5.47%
20200,40312,2446499,40272,2430503,40836,2401942,2426314,40312,550153,40272,579327,40836,586061,571847,6513,288,7014,274,7515,286,282,82.67%,29912,383,29106,394,28983,416,397,27.52%,38344,126,37870,129,38570,134,129,5.47%
20300,40350,2438821,40272,2463160,40836,2406159,2436046,40350,549897,40272,577573,40836,586356,571275,6513,293,7014,293,7515,315,300,82.68%,29912,411,28839,426,28983,396,411,27.76%,38344,130,37870,131,38570,134,131,5.49%
20400,40488,2450784,40272,2478367,40868,2452706,2460619,40488,578353,40272,580342,40868,578282,578992,6513,310,7014,323,7515,258,297,82.70%,30156,411,28839,404,28983,413,409,27.66%,38375,142,37870,130,38616,138,136,5.56%
20500,40488,2457750,40272,2440152,40889,2457284,2451728,40488,581370,40272,591778,40889,585328,586158,6513,268,7014,317,7515,298,294,82.71%,30156,398,28839,425,28983,400,407,27.68%,38375,132,37870,132,38616,131,131,5.58%
20600,40504,2518458,40437,2443785,40889,2489279,2483840,40504,580596,40437,581520,40889,585330,582482,6513,260,7014,251,7515,331,280,82.73%,30156,397,28839,418,28868,405,406,27.88%,38375,133,37864,147,38616,135,138,5.73%
20700,40576,2553035,40437,2486995,40889,2479603,2506544,40576,556258,40437,572417,40889,557718,562131,6513,307,7014,271,7515,311,296,82.74%,30156,414,28839,398,28715,404,405,28.05%,38452,139,37864,130,38616,132,133,5.72%
20800,40576,2510590,40443,2497088,40909,2537289,2514989,40576,566276,40443,596017,40909,575966,579419,6513,300,7014,299,7515,310,303,82.75%,30192,407,28839,402,28715,498,435,28.03%,38452,136,37864,134,38616,182,150,5.74%
20900,40610,2504785,40567,2513664,40981,2527358,2515269,40610,595955,40567,594857,40981,599004,596605,6513,305,7014,300,7515,292,299,82.78%,30192,406,28819,412,28772,434,417,28.14%,38452,134,38406,136,38613,138,136,5.47%
21000,40624,2547215,40581,2493559,41068,2532887,2524553,40624,594311,40581,592756,41068,581049,589372,6513,280,7014,406,7515,301,329,82.79%,30192,409,28819,410,28886,407,408,28.11%,38452,139,38406,135,38678,136,136,5.51%
21100,40631,2574014,40581,2556618,41105,2529863,2553498,40631,603366,40581,587038,41105,596781,595728,6513,283,7014,313,7515,312,302,82.80%,30191,410,28826,421,28721,416,415,28.26%,38452,141,38406,137,38678,143,140,5.54%
21200,40721,2575114,40584,2541588,41105,2540092,2552264,40721,601447,40584,600088,41105,603337,601624,6513,277,7014,262,7515,308,282,82.81%,30191,420,28826,401,28721,451,424,28.32%,38469,139,38406,133,38678,139,137,5.60%
21300,40721,2568107,40584,2595956,41253,2579599,2581220,40721,553561,40584,616132,41253,629356,599683,6513,334,7014,330,7515,317,327,82.84%,30191,405,29123,436,29008,440,427,27.93%,38469,140,38406,148,39188,150,146,5.30%
21400,40733,2564635,40673,2616388,41253,2583148,2588057,40733,569655,40673,596772,41253,591496,585974,6513,306,7014,290,7515,330,308,82.85%,30509,428,29144,424,29008,444,432,27.71%,38469,138,38392,138,39188,161,145,5.39%
21500,40819,2596019,40673,2611300,41253,2585866,2597728,40819,576586,40673,595308,41253,582358,584750,6513,330,7014,315,7515,322,322,82.86%,30422,442,29144,472,28988,440,451,27.85%,38482,148,38392,151,39188,151,150,5.45%
21600,40819,2606291,40673,2602109,41253,2588470,2598956,40819,612448,40673,596427,41253,610190,606355,6513,331,7014,344,7515,291,322,82.86%,30422,442,29144,453,28988,443,446,27.85%,38482,147,38392,153,39188,157,152,5.45%
21700,40819,2598112,40673,2629878,41253,2628207,2618732,40819,612487,40673,613076,41253,603965,609842,6513,334,7014,331,7515,268,311,82.86%,30383,443,29144,438,28960,422,434,27.90%,38482,151,38392,192,39188,143,162,5.45%
21800,40819,2659726,40673,2629258,41253,2616750,2635244,40819,612860,40673,598199,41253,623291,611450,6513,321,7014,329,7515,306,318,82.86%,30383,425,29077,446,28916,462,444,27.99%,38482,151,38392,149,39188,140,146,5.45%
21900,40819,2649587,40673,2713513,41253,2680341,2681147,40819,616681,40673,663099,41253,630116,636632,6513,486,7014,316,7515,272,358,82.86%,30383,643,29077,417,28916,421,493,27.99%,38482,197,38392,145,39188,140,160,5.45%
22000,40819,2674059,40673,2699153,41282,2710980,2694730,40819,643108,40673,642617,41282,634075,639933,6513,342,7014,337,7515,321,333,82.87%,30383,450,29077,487,29199,471,469,27.78%,38482,235,38392,210,39203,148,197,5.46%
22100,40819,2676440,40673,2653844,41282,2682314,2670866,40819,646118,40673,643463,41282,626230,638603,6513,298,7014,327,7515,337,320,82.87%,30383,521,29077,428,29199,459,469,27.78%,38482,161,38392,149,39203,151,153,5.46%
22200,40887,2676862,40673,2669284,41300,2633746,2659964,40887,614783,40673,612886,41300,628355,618674,6513,326,7014,313,7515,315,318,82.88%,30122,482,29077,448,28977,424,451,28.23%,38925,156,38392,150,39203,143,149,5.16%
22300,40927,2711283,40675,2708690,41300,2651909,2690627,40927,601671,40675,623913,41300,625275,616953,6513,346,7014,366,7515,332,348,82.88%,30151,450,29328,486,28977,461,465,28.02%,38966,168,38392,163,39203,147,159,5.16%
22400,40927,2690352,40716,2674262,41300,2675347,2679987,40927,603163,40716,617618,41300,631074,617285,6513,290,7014,307,7515,335,310,82.89%,30151,451,29525,467,28977,473,463,27.88%,38966,306,38366,155,39203,156,205,5.21%
22500,40927,2756458,40716,2713179,41300,2755785,2741807,40927,597310,40716,630943,41300,616422,614891,6513,342,7014,351,7515,345,346,82.89%,30326,425,29525,479,28977,427,443,27.74%,38966,143,38366,154,39203,150,149,5.21%
22600,41079,2745061,40716,2698357,41390,2732770,2725396,41079,643179,40716,620682,41390,658316,640725,6513,315,7014,282,7515,331,309,82.92%,30451,477,29525,433,28679,435,448,28.02%,39058,153,38366,148,39244,151,150,5.29%
22700,41176,2767485,40752,2741718,41390,2764202,2757801,41176,612391,40752,629693,41390,654081,632055,6513,288,7014,320,7515,375,327,82.94%,30403,435,29525,431,28868,468,444,27.99%,39166,148,38442,144,39244,155,149,5.24%
22800,41235,2753865,40780,2768479,41390,2744993,2755779,41235,683994,40780,647283,41390,618299,649858,6513,328,7014,322,7515,301,317,82.95%,30330,449,29525,453,28868,444,448,28.10%,39194,159,38442,150,39244,148,152,5.29%
22900,41235,2776104,40780,2810997,41390,2809894,2798998,41235,632633,40780,664933,41390,624429,640665,6513,343,7014,336,7515,327,335,82.95%,30330,1090,29525,451,28868,438,659,28.10%,39194,150,38442,147,39244,153,150,5.29%
23000,41235,2789021,40787,2775157,41412,2807614,2790597,41235,606784,40787,645115,41412,672294,641397,6513,345,7014,291,7515,316,317,82.95%,30330,425,29525,470,28638,430,441,28.30%,39194,144,38442,149,39244,150,147,5.31%
23100,41235,2793420,40787,2791054,41412,2811201,2798558,41235,675518,40787,681163,41412,670696,675792,6513,367,7014,322,7515,332,340,82.95%,30330,462,29501,424,28638,454,446,28.32%,39194,162,38442,148,39244,151,153,5.31%
23200,41252,2825218,40787,2779398,41428,2825139,2809918,41252,664278,40787,639575,41428,639211,647688,6513,302,7014,360,7515,296,319,82.96%,30330,450,29501,448,28585,439,445,28.38%,39194,151,38442,156,39244,158,155,5.34%
23300,41252,2854652,40787,2809327,41428,2823574,2829184,41252,686308,40787,644866,41428,673822,668332,6513,340,7014,322,7515,350,337,82.96%,30330,476,29501,439,28585,514,476,28.38%,39194,148,38442,148,39244,159,151,5.34%
23400,41252,2855160,40787,2792934,41428,2817439,2821844,41252,662719,40787,670547,41428,662699,665321,6513,360,7014,315,7515,352,342,82.96%,30330,453,29501,441,28585,490,461,28.38%,39194,159,38442,149,39244,162,156,5.34%
23500,41252,2852855,40787,2806010,41428,2816436,2825100,41252,642489,40787,654117,41428,672877,656494,6513,288,7014,484,7515,350,374,82.96%,30177,466,29501,661,28484,440,522,28.59%,39194,150,38442,215,39244,149,171,5.34%
23600,41357,2883064,40787,2864105,41428,2837083,2861417,41357,650976,40787,690000,41428,653485,664820,6513,382,7014,327,7515,290,333,82.97%,30200,473,29501,497,28484,431,467,28.63%,39203,160,38442,156,39244,152,156,5.41%
23700,41357,2877241,40872,2858224,41428,2882913,2872792,41357,658290,40872,646052,41428,658164,654168,6513,332,7014,294,7515,364,330,82.98%,30200,434,29496,441,28641,473,449,28.56%,39203,158,38464,151,39244,162,157,5.46%
23800,41421,2862684,40872,2877714,41428,2861648,2867348,41421,660456,40872,669209,41428,669212,666292,6513,364,7014,348,7515,373,361,82.99%,30143,528,29201,457,28641,477,487,28.88%,39241,175,38464,166,39244,179,173,5.48%
23900,41477,2877914,40900,2874716,41489,2881745,2878125,41477,687479,40900,661383,41489,673671,674177,6513,365,7014,357,7515,351,357,83.01%,30351,470,29187,534,28641,481,495,28.81%,39592,162,38464,161,39346,163,162,5.22%
24000,41477,2891517,40961,2902445,41489,2925496,2906486,41477,698549,40961,666176,41489,674144,679623,6513,350,7014,340,7515,333,341,83.02%,30299,509,29187,448,28641,453,470,28.89%,39592,188,38586,153,39346,156,165,5.17%
24100,41477,2926147,40961,2908614,41489,2918924,2917895,41477,658206,40961,697659,41489,655944,670603,6513,304,7014,340,7515,307,317,83.02%,30299,498,29187,447,28641,456,467,28.89%,39592,153,38586,157,39346,158,156,5.17%
24200,41477,2940462,40961,2934531,41534,2894444,2923145,41477,693129,40961,683971,41534,692144,689748,6513,350,7014,308,7515,549,402,83.03%,30337,460,29187,449,28747,696,535,28.80%,39592,160,38586,164,39397,219,181,5.16%
24300,41477,2986498,40961,2891301,41630,2931564,2936454,41477,681443,40961,701004,41630,684455,688967,6513,367,7014,348,7515,370,361,83.04%,30337,483,29269,478,29041,486,482,28.55%,39592,167,38586,157,39824,167,163,4.89%
24400,41568,2963319,40961,2932119,41630,2946561,2947333,41568,686322,40961,707546,41630,686301,693389,6513,400,7014,317,7515,325,347,83.05%,30512,478,29269,460,29041,487,475,28.46%,39692,179,38586,159,39824,185,174,4.88%
24500,41599,2975475,41058,2973135,41630,2972446,2973685,41599,687891,41058,684533,41630,708026,693483,6513,360,7014,350,7515,363,357,83.07%,30512,487,29548,504,28752,489,493,28.54%,39789,173,38883,157,39824,171,167,4.66%
24600,41599,2981450,41058,2966718,41638,3003003,2983723,41599,701558,41058,687502,41638,700975,696678,6513,413,7014,366,7515,348,375,83.07%,30512,497,29548,450,28815,465,470,28.49%,39789,165,38883,157,39824,156,159,4.67%
24700,41599,2973706,41058,3011290,41638,3024337,3003111,41599,697375,41058,691014,41638,684286,690891,6513,364,7014,347,7515,429,380,83.07%,30512,493,29548,449,28815,488,476,28.49%,39789,169,38883,158,39824,180,169,4.67%
24800,41599,2979583,41058,2971060,41717,3009803,2986815,41599,688192,41058,705943,41717,688292,694142,6513,374,7014,344,7515,361,359,83.08%,30512,483,29399,486,29067,491,486,28.46%,39789,173,38883,164,39957,172,169,4.62%
24900,41653,3015858,41058,3016003,41717,3008922,3013594,41653,718684,41058,713551,41717,710157,714130,6513,376,7014,430,7515,313,373,83.09%,30795,484,29399,466,28990,479,476,28.32%,39824,169,38883,182,39957,162,171,4.64%
25000,41653,3029547,41058,2999498,41717,3024123,3017722,41653,716389,41058,720812,41717,697116,711439,6513,347,7014,356,7515,359,354,83.09%,30795,496,29399,501,28801,476,491,28.48%,39824,176,38883,177,39957,162,171,4.64%
25100,41680,3045040,41058,3001574,41734,3034342,3026985,41680,692357,41058,714806,41734,737177,714780,6513,313,7014,370,7515,338,340,83.09%,30795,452,29399,500,28882,491,481,28.44%,39844,162,38883,175,39957,171,169,4.65%
25200,41680,3034191,41058,3041351,41734,3037951,3037831,41680,689873,41058,717641,41734,697861,701791,6513,351,7014,382,7515,367,366,83.09%,30795,477,29399,496,28882,468,480,28.44%,39844,163,38883,302,39957,164,209,4.65%
25300,41680,3052858,41076,3083574,41820,3051939,3062790,41680,710516,41076,713474,41820,713946,712645,6513,323,7014,400,7515,384,369,83.11%,30795,478,29399,490,28882,502,490,28.49%,39844,164,38883,176,40290,172,170,4.47%
25400,41680,3086498,41076,3084149,41820,3064694,3078447,41680,703882,41076,719387,41820,700479,707916,6513,574,7014,407,7515,346,442,83.11%,30795,748,29409,475,28882,504,575,28.49%,39844,247,38883,165,40290,165,192,4.47%
25500,41680,3094324,41079,3087917,41820,3016489,3066243,41680,715279,41079,696862,41820,728786,713642,6513,393,7014,326,7515,400,373,83.11%,30795,477,29136,461,28882,498,478,28.71%,39844,166,38883,165,40290,183,171,4.47%
25600,41680,3082011,41178,3100687,41820,3082516,3088404,41680,704690,41178,730823,41820,740099,725204,6513,374,7014,411,7515,376,387,83.12%,30795,472,29136,498,28882,490,486,28.77%,39844,170,39045,174,40290,183,175,4.41%
25700,41868,3147161,41213,3077138,41820,3113650,3112649,41868,729701,41213,732270,41820,709975,723982,6513,332,7014,372,7515,325,343,83.15%,31140,651,29299,506,28882,511,556,28.49%,40290,345,39100,172,40290,199,238,4.18%
25800,41948,3131369,41223,3132944,41820,3124067,3129460,41948,743636,41223,726096,41820,729684,733138,6513,378,7014,377,7515,356,370,83.16%,31289,529,29221,493,28882,474,498,28.49%,40326,177,39100,186,40290,176,179,4.23%
25900,41948,3153363,41223,3159507,41859,3066794,3126554,41948,758986,41223,715981,41859,725638,733535,6513,621,7014,323,7515,390,444,83.17%,31289,726,29221,469,28882,470,555,28.51%,40326,250,39100,172,40397,637,353,4.17%
26000,41948,3189855,41300,3113017,41859,3150770,3151214,41948,750164,41300,723201,41859,756155,743173,6513,351,7014,359,7515,402,370,83.18%,31289,509,29221,505,29021,554,522,28.44%,40326,180,39102,173,40397,295,216,4.23%
26100,41967,3142438,41461,3121199,41859,3157096,3140244,41967,734753,41461,724238,41859,744823,734604,6513,377,7014,363,7515,348,362,83.20%,31289,515,29271,470,29021,460,481,28.50%,40326,174,39243,170,40397,166,170,4.25%
26200,41967,3178629,41461,3174667,41859,3173346,3175547,41967,737823,41461,781782,41859,728100,749235,6513,389,7014,421,7515,370,393,83.20%,30815,499,29271,514,29021,512,508,28.88%,40326,196,39243,181,40397,174,183,4.25%
26300,41967,3211329,41461,3181906,41859,3190305,3194513,41967,731014,41461,723582,41859,725428,726674,6513,364,7014,446,7515,450,420,83.20%,30815,460,28887,486,29238,487,477,29.02%,40326,168,39243,212,40397,181,187,4.25%
26400,41967,3188460,41493,3188953,41859,3193174,3190195,41967,744195,41493,737566,41859,747885,743215,6513,390,7014,402,7515,381,391,83.21%,30622,510,28887,502,29046,504,505,29.34%,40326,179,39366,185,40397,177,180,4.18%
26500,41997,3215573,41493,3206247,41859,3225097,3215639,41997,737723,41493,767655,41859,745504,750294,6513,401,7014,382,7515,395,392,83.21%,30622,512,28994,487,29046,509,502,29.27%,40376,183,39366,176,40397,193,184,4.16%
26600,41997,3239874,41493,3215258,41892,3207352,3220828,41997,736956,41493,743404,41892,755803,745387,6513,331,7014,360,7515,386,359,83.22%,30622,473,29043,504,29046,510,495,29.25%,40376,171,39366,170,40410,184,175,4.17%
26700,41997,3250271,41493,3251782,41892,3272061,3258038,41997,752538,41493,748547,41892,752345,751143,6513,386,7014,561,7515,396,447,83.22%,29836,502,29043,522,29046,510,511,29.88%,40376,174,39366,173,40410,184,177,4.17%
26800,41997,3313737,41507,3250595,41892,3249671,3271334,41997,763158,41507,774720,41892,787131,775003,6513,407,7014,405,7515,354,388,83.22%,29836,533,29043,513,29046,494,513,29.88%,40376,191,39366,186,40410,174,183,4.19%
26900,41997,3263964,41507,3266065,41892,3274397,3268142,41997,791611,41507,781253,41892,765962,779608,6513,410,7014,401,7515,376,395,83.22%,29836,511,28915,517,28829,537,521,30.16%,40376,182,39366,198,40410,188,189,4.19%
27000,41997,3297156,41507,3278580,41892,3305654,3293796,41997,807722,41507,822576,41892,826966,819088,6513,423,7014,420,7515,443,428,83.22%,29836,556,28915,696,28829,544,598,30.16%,40376,184,39366,244,40410,193,207,4.19%
27100,41997,3296758,41557,3273263,41916,3317937,3295986,41997,790403,41557,800169,41916,827284,805952,6513,414,7014,605,7515,440,486,83.23%,29836,519,28915,541,28829,520,526,30.20%,40376,182,39420,183,40495,196,187,4.13%
27200,41997,3319623,41557,3317942,41916,3375159,3337574,41997,809901,41557,814130,41916,814037,812689,6513,452,7014,447,7515,411,436,83.23%,29836,523,28915,545,28829,514,527,30.20%,40376,189,39420,187,40495,191,189,4.13%
27300,41997,3351707,41557,3353118,41916,3325622,3343482,41997,829514,41557,817428,41916,822601,823181,6513,405,7014,403,7515,426,411,83.23%,29836,496,28915,524,28829,502,507,30.20%,40376,182,39420,188,40495,180,183,4.13%
27400,42037,3407858,41557,3447017,42024,3349794,3401556,42037,795869,41557,802906,42024,820513,806429,6513,455,7014,397,7515,411,421,83.25%,29836,527,28915,525,28859,529,527,30.26%,40389,185,39420,185,40608,185,185,4.14%
27500,42037,3354540,41557,3326535,42063,3378879,3353318,42037,804866,41557,859340,42063,818721,827642,6513,429,7014,432,7515,585,482,83.25%,29836,529,28903,596,28859,777,634,30.29%,40389,189,39420,187,40682,262,212,4.12%
27600,42064,3389908,41637,3404320,42063,3409832,3401353,42064,829201,41637,824316,42063,832184,828567,6513,410,7014,395,7515,381,395,83.27%,29750,563,28976,521,28859,532,538,30.36%,40487,187,39811,188,40682,197,190,3.81%
27700,42064,3406889,41637,3403192,42063,3414557,3408212,42064,844514,41637,884500,42063,842553,857189,6513,403,7014,420,7515,730,517,83.27%,29750,521,28976,523,28859,736,593,30.36%,40487,195,39811,191,40682,265,217,3.81%
27800,42064,3423038,41637,3423087,42063,3433951,3426692,42064,870754,41637,866912,42063,882142,873269,6513,735,7014,410,7515,392,512,83.27%,29750,640,28981,532,28859,506,559,30.35%,40487,182,39811,188,40682,183,184,3.81%
27900,42064,3429489,41637,3447109,42063,3394002,3423533,42064,837620,41637,833622,42063,842311,837851,6513,436,7014,428,7515,516,460,83.27%,29750,535,29013,532,28859,568,545,30.33%,40487,196,39811,194,40682,202,197,3.81%
28000,42064,3380020,41637,3396013,42063,3478850,3418294,42064,879335,41637,889960,42063,804541,857945,6513,454,7014,420,7515,406,426,83.27%,29750,527,29013,532,28859,537,532,30.33%,40487,188,39811,196,40682,189,191,3.81%
28100,42064,3359560,41637,3320949,42063,3365632,3348713,42064,761478,41637,798277,42063,807965,789240,6513,345,7014,411,7515,416,390,83.27%,29750,516,29013,534,28859,532,527,30.33%,40487,183,39811,196,40682,190,189,3.81%
28200,42064,3379528,41637,3396438,42063,3383614,3386526,42064,840577,41637,827011,42063,786263,817950,6513,623,7014,615,7515,393,543,83.27%,29750,708,29013,777,28859,513,666,30.33%,40487,238,39811,258,40682,192,229,3.81%
28300,42084,3372128,41642,3324407,42063,3330092,3342209,42084,775692,41642,794918,42063,799169,789926,6513,454,7014,482,7515,442,459,83.27%,29750,533,29013,564,28859,536,544,30.34%,40451,192,39811,208,40682,191,197,3.85%
28400,42086,3349846,41642,3390005,42063,3406416,3382089,42086,796657,41642,766013,42063,788711,783793,6513,425,7014,413,7515,382,406,83.27%,29750,539,29013,533,28859,508,526,30.34%,40451,202,39811,191,40682,183,192,3.86%
28500,42086,3417481,41642,3398030,42091,3370225,3395245,42086,764278,41642,793489,42091,798365,785377,6513,414,7014,446,7515,409,423,83.28%,29687,534,29013,541,28859,545,540,30.41%,40451,198,39811,202,40856,192,197,3.74%
28600,42086,3424086,41642,3402637,42091,3417347,3414690,42086,768461,41642,793496,42091,800345,787434,6513,403,7014,397,7515,457,419,83.28%,29687,507,29013,521,29090,535,521,30.23%,40451,184,39811,189,40856,197,190,3.74%
28700,42100,3401105,41642,3394570,42091,3334903,3376859,42100,804356,41642,795957,42091,809796,803369,6513,440,7014,379,7515,408,409,83.28%,29687,536,29013,506,28970,545,529,30.33%,40451,199,39811,183,40856,222,201,3.75%
28800,42100,3447826,41642,3427375,42112,3503563,3459588,42100,839033,41642,792617,42112,809152,813600,6513,406,7014,426,7515,373,401,83.28%,29721,538,29013,594,28953,523,551,30.33%,40451,195,39811,200,40937,195,196,3.70%
28900,42100,3397784,41696,3461211,42112,3469071,3442688,42100,826947,41696,804552,42112,812025,814508,6513,468,7014,392,7515,413,424,83.29%,29475,605,29361,501,29233,547,551,30.05%,40451,195,39867,181,40937,187,187,3.70%
29000,42100,3471596,41696,3488193,42112,3579354,3513047,42100,797176,41696,806437,42112,865774,823129,6513,430,7014,414,7515,409,417,83.29%,29475,541,29361,519,29142,526,528,30.12%,40451,201,39867,188,40937,196,195,3.70%
